Species,eggDiameter_mm,eggDryWeight_mg,method,ReferencePdf,obs,dataSource,Year,Location,Latitude,Longitude
Engraulis mordax,0.689873953,0.017187878,oven dried,hunter_jr_1981_f79_215.pdf,,location/year p 215 paragraph 4; egg size/egg dry weight Figure 6 p 222,1977-1979,"Southern California Bight, California, United States",33.586267,-118.718012
Engraulis mordax,0.997845616,0.049580642,oven dried,hunter_jr_1981_f79_215.pdf,,location/year p 215 paragraph 4; egg size/egg dry weight Figure 6 p 222,1977-1979,"Southern California Bight, California, United States",33.586267,-118.718012
Engraulis ringens,0.815434202,0.0344203,oven dried,castro_lr_2009_m381_237.pdf,,location/year p 239 paragraph 2; egg size/egg dry weight Figure 4 p 243,2003,"South Pacific Ocean, Chile",-20.389922,-72.224378
Engraulis ringens,0.850743821,0.0392681,oven dried,castro_lr_2009_m381_237.pdf,,location/year p 239 paragraph 2; egg size/egg dry weight Figure 4 p 243,2003,"South Pacific Ocean, Chile",-20.389922,-72.224378
Lucania goodei,1.316,0.3,oven dried,crawford_ss_1994_e41_369.pdf,,Egg size/egg dry weight Table 3 p 378; location/date p 372 paragraph 8,1989 March - 1990 March,"Newport Spring, Florida, United States",30.166965,-84.190843
Lucania parva,1.165,0.231,oven dried,crawford_ss_1994_e41_369.pdf,,Egg size/egg dry weight Table 3 p 378; location/date p 372 paragraph 8,1989 March - 1990 March,"Tower Pond, Florida, United States",30.088201,-84.159885
Gadus morhua,1.37,0.103,oven dried,hislop_jrg_1987_j31_1.pdf,,egg size/egg dry weight Table 1 p 2; location/year p 3 paragraph 4,1984 February - 1986 March,North Sea,56.501597,3.505635
Gadus morhua,1.381,0.099,oven dried,hislop_jrg_1987_j31_1.pdf,,egg size/egg dry weight Table 1 p 2; location/year p 3 paragraph 4,1984 February - 1986 March,North Sea,56.501597,3.505635
Gadus morhua,1.419,0.114,oven dried,hislop_jrg_1987_j31_1.pdf,,egg size/egg dry weight Table 1 p 2; location/year p 3 paragraph 4,1984 February - 1986 March,North Sea,56.501597,3.505635
Gadus morhua,1.381,0.115,oven dried,hislop_jrg_1987_j31_1.pdf,,egg size/egg dry weight Table 1 p 2; location/year p 3 paragraph 4,1984 February - 1986 March,North Sea,56.501597,3.505635
Gadus morhua,1.4,0.13,oven dried,hislop_jrg_1987_j31_1.pdf,,egg size/egg dry weight Table 1 p 2; location/year p 3 paragraph 4,1984 February - 1986 March,North Sea,56.501597,3.505635
Gadus morhua,1.427,0.115,oven dried,hislop_jrg_1987_j31_1.pdf,,egg size/egg dry weight Table 1 p 2; location/year p 3 paragraph 4,1984 February - 1986 March,North Sea,56.501597,3.505635
Gadus morhua,1.318,0.096,oven dried,hislop_jrg_1987_j31_1.pdf,,egg size/egg dry weight Table 1 p 2; location/year p 3 paragraph 4,1984 February - 1986 March,North Sea,56.501597,3.505635
Gadus morhua,1.463,0.132,oven dried,hislop_jrg_1987_j31_1.pdf,,egg size/egg dry weight Table 1 p 2; location/year p 3 paragraph 4,1984 February - 1986 March,North Sea,56.501597,3.505635
Gadus morhua,1.373,0.108,oven dried,hislop_jrg_1987_j31_1.pdf,,egg size/egg dry weight Table 1 p 2; location/year p 3 paragraph 4,1984 February - 1986 March,North Sea,56.501597,3.505635
Gadus morhua,1.33,0.097,oven dried,hislop_jrg_1987_j31_1.pdf,,egg size/egg dry weight Table 1 p 2; location/year p 3 paragraph 4,1984 February - 1986 March,North Sea,56.501597,3.505635
Gadus morhua,1.42,0.121,oven dried,hislop_jrg_1987_j31_1.pdf,,egg size/egg dry weight Table 1 p 2; location/year p 3 paragraph 4,1984 February - 1986 March,North Sea,56.501597,3.505635
Gadus morhua,1.332,0.098,oven dried,hislop_jrg_1987_j31_1.pdf,,egg size/egg dry weight Table 1 p 2; location/year p 3 paragraph 4,1984 February - 1986 March,North Sea,56.501597,3.505635
Gadus morhua,1.327,0.097,oven dried,hislop_jrg_1987_j31_1.pdf,,egg size/egg dry weight Table 1 p 2; location/year p 3 paragraph 4,1984 February - 1986 March,North Sea,56.501597,3.505635
Gadus morhua,1.254,0.082,oven dried,hislop_jrg_1987_j31_1.pdf,,egg size/egg dry weight Table 1 p 2; location/year p 3 paragraph 4,1984 February - 1986 March,North Sea,56.501597,3.505635
Gadus morhua,1.288,0.092,oven dried,hislop_jrg_1987_j31_1.pdf,,egg size/egg dry weight Table 1 p 2; location/year p 3 paragraph 4,1984 February - 1986 March,North Sea,56.501597,3.505635
Gadus morhua,1.288,0.082,oven dried,hislop_jrg_1987_j31_1.pdf,,egg size/egg dry weight Table 1 p 2; location/year p 3 paragraph 4,1984 February - 1986 March,North Sea,56.501597,3.505635
Melanogrammus aeglefinus,1.446,0.132,oven dried,hislop_jrg_1987_j31_1.pdf,,egg size/egg dry weight Table 2 p 4; location/year p 3 paragraph 4,1984 February - 1986 March,North Sea,56.501597,3.505635
Melanogrammus aeglefinus,1.508,0.137,oven dried,hislop_jrg_1987_j31_1.pdf,,egg size/egg dry weight Table 2 p 4; location/year p 3 paragraph 4,1984 February - 1986 March,North Sea,56.501597,3.505635
Melanogrammus aeglefinus,1.516,0.137,oven dried,hislop_jrg_1987_j31_1.pdf,,egg size/egg dry weight Table 2 p 4; location/year p 3 paragraph 4,1984 February - 1986 March,North Sea,56.501597,3.505635
Melanogrammus aeglefinus,1.484,0.125,oven dried,hislop_jrg_1987_j31_1.pdf,,egg size/egg dry weight Table 2 p 4; location/year p 3 paragraph 4,1984 February - 1986 March,North Sea,56.501597,3.505635
Melanogrammus aeglefinus,1.38,0.108,oven dried,hislop_jrg_1987_j31_1.pdf,,egg size/egg dry weight Table 2 p 4; location/year p 3 paragraph 4,1984 February - 1986 March,North Sea,56.501597,3.505635
Melanogrammus aeglefinus,1.517,0.141,oven dried,hislop_jrg_1987_j31_1.pdf,,egg size/egg dry weight Table 2 p 4; location/year p 3 paragraph 4,1984 February - 1986 March,North Sea,56.501597,3.505635
Melanogrammus aeglefinus,1.446,0.121,oven dried,hislop_jrg_1987_j31_1.pdf,,egg size/egg dry weight Table 2 p 4; location/year p 3 paragraph 4,1984 February - 1986 March,North Sea,56.501597,3.505635
Melanogrammus aeglefinus,1.526,0.149,oven dried,hislop_jrg_1987_j31_1.pdf,,egg size/egg dry weight Table 2 p 4; location/year p 3 paragraph 4,1984 February - 1986 March,North Sea,56.501597,3.505635
Melanogrammus aeglefinus,1.503,0.134,oven dried,hislop_jrg_1987_j31_1.pdf,,egg size/egg dry weight Table 2 p 4; location/year p 3 paragraph 4,1984 February - 1986 March,North Sea,56.501597,3.505635
Melanogrammus aeglefinus,1.442,0.116,oven dried,hislop_jrg_1987_j31_1.pdf,,egg size/egg dry weight Table 2 p 4; location/year p 3 paragraph 4,1984 February - 1986 March,North Sea,56.501597,3.505635
Melanogrammus aeglefinus,1.552,0.141,oven dried,hislop_jrg_1987_j31_1.pdf,,egg size/egg dry weight Table 2 p 4; location/year p 3 paragraph 4,1984 February - 1986 March,North Sea,56.501597,3.505635
Melanogrammus aeglefinus,1.51,0.136,oven dried,hislop_jrg_1987_j31_1.pdf,,egg size/egg dry weight Table 2 p 4; location/year p 3 paragraph 4,1984 February - 1986 March,North Sea,56.501597,3.505635
Melanogrammus aeglefinus,1.464,0.123,oven dried,hislop_jrg_1987_j31_1.pdf,,egg size/egg dry weight Table 2 p 4; location/year p 3 paragraph 4,1984 February - 1986 March,North Sea,56.501597,3.505635
Melanogrammus aeglefinus,1.48,0.139,oven dried,hislop_jrg_1987_j31_1.pdf,,egg size/egg dry weight Table 2 p 4; location/year p 3 paragraph 4,1984 February - 1986 March,North Sea,56.501597,3.505635
Melanogrammus aeglefinus,1.43,0.102,oven dried,hislop_jrg_1987_j31_1.pdf,,egg size/egg dry weight Table 2 p 4; location/year p 3 paragraph 4,1984 February - 1986 March,North Sea,56.501597,3.505635
Melanogrammus aeglefinus,1.498,0.135,oven dried,hislop_jrg_1987_j31_1.pdf,,egg size/egg dry weight Table 2 p 4; location/year p 3 paragraph 4,1984 February - 1986 March,North Sea,56.501597,3.505635
Melanogrammus aeglefinus,1.507,0.14,oven dried,hislop_jrg_1987_j31_1.pdf,,egg size/egg dry weight Table 2 p 4; location/year p 3 paragraph 4,1984 February - 1986 March,North Sea,56.501597,3.505635
Melanogrammus aeglefinus,1.343,0.087,oven dried,hislop_jrg_1987_j31_1.pdf,,egg size/egg dry weight Table 2 p 4; location/year p 3 paragraph 4,1984 February - 1986 March,North Sea,56.501597,3.505635
Melanogrammus aeglefinus,1.407,0.114,oven dried,hislop_jrg_1987_j31_1.pdf,,egg size/egg dry weight Table 2 p 4; location/year p 3 paragraph 4,1984 February - 1986 March,North Sea,56.501597,3.505635
Melanogrammus aeglefinus,1.43,0.118,oven dried,hislop_jrg_1987_j31_1.pdf,,egg size/egg dry weight Table 2 p 4; location/year p 3 paragraph 4,1984 February - 1986 March,North Sea,56.501597,3.505635
Melanogrammus aeglefinus,1.306,0.088,oven dried,hislop_jrg_1987_j31_1.pdf,,egg size/egg dry weight Table 2 p 4; location/year p 3 paragraph 4,1984 February - 1986 March,North Sea,56.501597,3.505635
Melanogrammus aeglefinus,1.491,0.131,oven dried,hislop_jrg_1987_j31_1.pdf,,egg size/egg dry weight Table 2 p 4; location/year p 3 paragraph 4,1984 February - 1986 March,North Sea,56.501597,3.505635
Melanogrammus aeglefinus,1.383,0.1,oven dried,hislop_jrg_1987_j31_1.pdf,,egg size/egg dry weight Table 2 p 4; location/year p 3 paragraph 4,1984 February - 1986 March,North Sea,56.501597,3.505635
Melanogrammus aeglefinus,1.41,0.101,oven dried,hislop_jrg_1987_j31_1.pdf,,egg size/egg dry weight Table 2 p 4; location/year p 3 paragraph 4,1984 February - 1986 March,North Sea,56.501597,3.505635
Melanogrammus aeglefinus,1.396,0.101,oven dried,hislop_jrg_1987_j31_1.pdf,,egg size/egg dry weight Table 2 p 4; location/year p 3 paragraph 4,1984 February - 1986 March,North Sea,56.501597,3.505635
Melanogrammus aeglefinus,1.332,0.099,oven dried,hislop_jrg_1987_j31_1.pdf,,egg size/egg dry weight Table 2 p 4; location/year p 3 paragraph 4,1984 February - 1986 March,North Sea,56.501597,3.505635
Melanogrammus aeglefinus,1.321,0.089,oven dried,hislop_jrg_1987_j31_1.pdf,,egg size/egg dry weight Table 2 p 4; location/year p 3 paragraph 4,1984 February - 1986 March,North Sea,56.501597,3.505635
Melanogrammus aeglefinus,1.33,0.096,oven dried,hislop_jrg_1987_j31_1.pdf,,egg size/egg dry weight Table 2 p 4; location/year p 3 paragraph 4,1984 February - 1986 March,North Sea,56.501597,3.505635
Melanogrammus aeglefinus,1.476,0.129,oven dried,hislop_jrg_1987_j31_1.pdf,,egg size/egg dry weight Table 2 p 4; location/year p 3 paragraph 4,1984 February - 1986 March,North Sea,56.501597,3.505635
Melanogrammus aeglefinus,1.405,0.111,oven dried,hislop_jrg_1987_j31_1.pdf,,egg size/egg dry weight Table 2 p 5; location/year p 3 paragraph 4,1984 February - 1986 March,North Sea,56.501597,3.505635
Melanogrammus aeglefinus,1.433,0.119,oven dried,hislop_jrg_1987_j31_1.pdf,,egg size/egg dry weight Table 2 p 5; location/year p 3 paragraph 4,1984 February - 1986 March,North Sea,56.501597,3.505635
Melanogrammus aeglefinus,1.421,0.115,oven dried,hislop_jrg_1987_j31_1.pdf,,egg size/egg dry weight Table 2 p 5; location/year p 3 paragraph 4,1984 February - 1986 March,North Sea,56.501597,3.505635
Melanogrammus aeglefinus,1.443,0.121,oven dried,hislop_jrg_1987_j31_1.pdf,,egg size/egg dry weight Table 2 p 5; location/year p 3 paragraph 4,1984 February - 1986 March,North Sea,56.501597,3.505635
Melanogrammus aeglefinus,1.417,0.12,oven dried,hislop_jrg_1987_j31_1.pdf,,egg size/egg dry weight Table 2 p 5; location/year p 3 paragraph 4,1984 February - 1986 March,North Sea,56.501597,3.505635
Melanogrammus aeglefinus,1.4,0.108,oven dried,hislop_jrg_1987_j31_1.pdf,,egg size/egg dry weight Table 2 p 5; location/year p 3 paragraph 4,1984 February - 1986 March,North Sea,56.501597,3.505635
Melanogrammus aeglefinus,1.395,0.107,oven dried,hislop_jrg_1987_j31_1.pdf,,egg size/egg dry weight Table 2 p 5; location/year p 3 paragraph 4,1984 February - 1986 March,North Sea,56.501597,3.505635
Melanogrammus aeglefinus,1.375,0.107,oven dried,hislop_jrg_1987_j31_1.pdf,,egg size/egg dry weight Table 2 p 5; location/year p 3 paragraph 4,1984 February - 1986 March,North Sea,56.501597,3.505635
Melanogrammus aeglefinus,1.462,0.129,oven dried,hislop_jrg_1987_j31_1.pdf,,egg size/egg dry weight Table 2 p 5; location/year p 3 paragraph 4,1984 February - 1986 March,North Sea,56.501597,3.505635
Melanogrammus aeglefinus,1.463,0.129,oven dried,hislop_jrg_1987_j31_1.pdf,,egg size/egg dry weight Table 2 p 5; location/year p 3 paragraph 4,1984 February - 1986 March,North Sea,56.501597,3.505635
Melanogrammus aeglefinus,1.461,0.12,oven dried,hislop_jrg_1987_j31_1.pdf,,egg size/egg dry weight Table 2 p 5; location/year p 3 paragraph 4,1984 February - 1986 March,North Sea,56.501597,3.505635
Melanogrammus aeglefinus,1.474,0.131,oven dried,hislop_jrg_1987_j31_1.pdf,,egg size/egg dry weight Table 2 p 5; location/year p 3 paragraph 4,1984 February - 1986 March,North Sea,56.501597,3.505635
Melanogrammus aeglefinus,1.364,0.093,oven dried,hislop_jrg_1987_j31_1.pdf,,egg size/egg dry weight Table 2 p 5; location/year p 3 paragraph 4,1984 February - 1986 March,North Sea,56.501597,3.505635
Melanogrammus aeglefinus,1.437,0.121,oven dried,hislop_jrg_1987_j31_1.pdf,,egg size/egg dry weight Table 2 p 5; location/year p 3 paragraph 4,1984 February - 1986 March,North Sea,56.501597,3.505635
Melanogrammus aeglefinus,1.451,0.119,oven dried,hislop_jrg_1987_j31_1.pdf,,egg size/egg dry weight Table 2 p 5; location/year p 3 paragraph 4,1984 February - 1986 March,North Sea,56.501597,3.505635
Melanogrammus aeglefinus,1.428,0.115,oven dried,hislop_jrg_1987_j31_1.pdf,,egg size/egg dry weight Table 2 p 5; location/year p 3 paragraph 4,1984 February - 1986 March,North Sea,56.501597,3.505635
Melanogrammus aeglefinus,1.5,0.124,oven dried,hislop_jrg_1987_j31_1.pdf,,egg size/egg dry weight Table 2 p 5; location/year p 3 paragraph 4,1984 February - 1986 March,North Sea,56.501597,3.505635
Melanogrammus aeglefinus,1.434,0.117,oven dried,hislop_jrg_1987_j31_1.pdf,,egg size/egg dry weight Table 2 p 5; location/year p 3 paragraph 4,1984 February - 1986 March,North Sea,56.501597,3.505635
Melanogrammus aeglefinus,1.48,0.129,oven dried,hislop_jrg_1987_j31_1.pdf,,egg size/egg dry weight Table 2 p 5; location/year p 3 paragraph 4,1984 February - 1986 March,North Sea,56.501597,3.505635
Melanogrammus aeglefinus,1.394,0.097,oven dried,hislop_jrg_1987_j31_1.pdf,,egg size/egg dry weight Table 2 p 5; location/year p 3 paragraph 4,1984 February - 1986 March,North Sea,56.501597,3.505635
Melanogrammus aeglefinus,1.442,0.116,oven dried,hislop_jrg_1987_j31_1.pdf,,egg size/egg dry weight Table 2 p 5; location/year p 3 paragraph 4,1984 February - 1986 March,North Sea,56.501597,3.505635
Melanogrammus aeglefinus,1.444,0.113,oven dried,hislop_jrg_1987_j31_1.pdf,,egg size/egg dry weight Table 2 p 5; location/year p 3 paragraph 4,1984 February - 1986 March,North Sea,56.501597,3.505635
Melanogrammus aeglefinus,1.427,0.108,oven dried,hislop_jrg_1987_j31_1.pdf,,egg size/egg dry weight Table 2 p 5; location/year p 3 paragraph 4,1984 February - 1986 March,North Sea,56.501597,3.505635
Melanogrammus aeglefinus,1.379,0.091,oven dried,hislop_jrg_1987_j31_1.pdf,,egg size/egg dry weight Table 2 p 5; location/year p 3 paragraph 4,1984 February - 1986 March,North Sea,56.501597,3.505635
Melanogrammus aeglefinus,1.37,0.105,oven dried,hislop_jrg_1987_j31_1.pdf,,egg size/egg dry weight Table 2 p 5; location/year p 3 paragraph 4,1984 February - 1986 March,North Sea,56.501597,3.505635
Melanogrammus aeglefinus,1.38,0.109,oven dried,hislop_jrg_1987_j31_1.pdf,,egg size/egg dry weight Table 2 p 5; location/year p 3 paragraph 4,1984 February - 1986 March,North Sea,56.501597,3.505635
Melanogrammus aeglefinus,1.395,0.114,oven dried,hislop_jrg_1987_j31_1.pdf,,egg size/egg dry weight Table 2 p 5; location/year p 3 paragraph 4,1984 February - 1986 March,North Sea,56.501597,3.505635
Melanogrammus aeglefinus,1.373,0.099,oven dried,hislop_jrg_1987_j31_1.pdf,,egg size/egg dry weight Table 2 p 5; location/year p 3 paragraph 4,1984 February - 1986 March,North Sea,56.501597,3.505635
Melanogrammus aeglefinus,1.383,0.106,oven dried,hislop_jrg_1987_j31_1.pdf,,egg size/egg dry weight Table 2 p 5; location/year p 3 paragraph 4,1984 February - 1986 March,North Sea,56.501597,3.505635
Melanogrammus aeglefinus,1.397,0.115,oven dried,hislop_jrg_1987_j31_1.pdf,,egg size/egg dry weight Table 2 p 5; location/year p 3 paragraph 4,1984 February - 1986 March,North Sea,56.501597,3.505635
Melanogrammus aeglefinus,1.459,0.116,oven dried,hislop_jrg_1987_j31_1.pdf,,egg size/egg dry weight Table 2 p 5; location/year p 3 paragraph 4,1984 February - 1986 March,North Sea,56.501597,3.505635
Merlangius merlangus,1.239,0.078,oven dried,hislop_jrg_1987_j31_1.pdf,,egg size/egg dry weight Table 3 p 6; location/year p 3 paragraph 4,1984 February - 1986 March,North Sea,56.501597,3.505635
Merlangius merlangus,1.24,0.074,oven dried,hislop_jrg_1987_j31_1.pdf,,egg size/egg dry weight Table 3 p 6; location/year p 3 paragraph 4,1984 February - 1986 March,North Sea,56.501597,3.505635
Merlangius merlangus,1.236,0.068,oven dried,hislop_jrg_1987_j31_1.pdf,,egg size/egg dry weight Table 3 p 6; location/year p 3 paragraph 4,1984 February - 1986 March,North Sea,56.501597,3.505635
Merlangius merlangus,1.225,0.064,oven dried,hislop_jrg_1987_j31_1.pdf,,egg size/egg dry weight Table 3 p 6; location/year p 3 paragraph 4,1984 February - 1986 March,North Sea,56.501597,3.505635
Merlangius merlangus,1.176,0.057,oven dried,hislop_jrg_1987_j31_1.pdf,,egg size/egg dry weight Table 3 p 6; location/year p 3 paragraph 4,1984 February - 1986 March,North Sea,56.501597,3.505635
Merlangius merlangus,1.088,0.052,oven dried,hislop_jrg_1987_j31_1.pdf,,egg size/egg dry weight Table 3 p 6; location/year p 3 paragraph 4,1984 February - 1986 March,North Sea,56.501597,3.505635
Merlangius merlangus,1.055,0.044,oven dried,hislop_jrg_1987_j31_1.pdf,,egg size/egg dry weight Table 3 p 6; location/year p 3 paragraph 4,1984 February - 1986 March,North Sea,56.501597,3.505635
Merlangius merlangus,1.049,0.049,oven dried,hislop_jrg_1987_j31_1.pdf,,egg size/egg dry weight Table 3 p 6; location/year p 3 paragraph 4,1984 February - 1986 March,North Sea,56.501597,3.505635
Merlangius merlangus,1.039,0.043,oven dried,hislop_jrg_1987_j31_1.pdf,,egg size/egg dry weight Table 3 p 6; location/year p 3 paragraph 4,1984 February - 1986 March,North Sea,56.501597,3.505635
Merlangius merlangus,1.077,0.054,oven dried,hislop_jrg_1987_j31_1.pdf,,egg size/egg dry weight Table 3 p 6; location/year p 3 paragraph 4,1984 February - 1986 March,North Sea,56.501597,3.505635
Merlangius merlangus,1.143,0.059,oven dried,hislop_jrg_1987_j31_1.pdf,,egg size/egg dry weight Table 3 p 6; location/year p 3 paragraph 4,1984 February - 1986 March,North Sea,56.501597,3.505635
Merlangius merlangus,1.122,0.057,oven dried,hislop_jrg_1987_j31_1.pdf,,egg size/egg dry weight Table 3 p 6; location/year p 3 paragraph 4,1984 February - 1986 March,North Sea,56.501597,3.505635
Merlangius merlangus,1.095,0.053,oven dried,hislop_jrg_1987_j31_1.pdf,,egg size/egg dry weight Table 3 p 6; location/year p 3 paragraph 4,1984 February - 1986 March,North Sea,56.501597,3.505635
Merlangius merlangus,1.149,0.061,oven dried,hislop_jrg_1987_j31_1.pdf,,egg size/egg dry weight Table 3 p 6; location/year p 3 paragraph 4,1984 February - 1986 March,North Sea,56.501597,3.505635
Merlangius merlangus,1.187,0.072,oven dried,hislop_jrg_1987_j31_1.pdf,,egg size/egg dry weight Table 3 p 6; location/year p 3 paragraph 4,1984 February - 1986 March,North Sea,56.501597,3.505635
Merlangius merlangus,1.16,0.062,oven dried,hislop_jrg_1987_j31_1.pdf,,egg size/egg dry weight Table 3 p 6; location/year p 3 paragraph 4,1984 February - 1986 March,North Sea,56.501597,3.505635
Merlangius merlangus,1.124,0.054,oven dried,hislop_jrg_1987_j31_1.pdf,,egg size/egg dry weight Table 3 p 6; location/year p 3 paragraph 4,1984 February - 1986 March,North Sea,56.501597,3.505635
Merlangius merlangus,1.158,0.059,oven dried,hislop_jrg_1987_j31_1.pdf,,egg size/egg dry weight Table 3 p 6; location/year p 3 paragraph 4,1984 February - 1986 March,North Sea,56.501597,3.505635
Merlangius merlangus,1.183,0.064,oven dried,hislop_jrg_1987_j31_1.pdf,,egg size/egg dry weight Table 3 p 6; location/year p 3 paragraph 4,1984 February - 1986 March,North Sea,56.501597,3.505635
Merlangius merlangus,1.171,0.062,oven dried,hislop_jrg_1987_j31_1.pdf,,egg size/egg dry weight Table 3 p 7; location/year p 3 paragraph 4,1984 February - 1986 March,North Sea,56.501597,3.505635
Merlangius merlangus,1.174,0.065,oven dried,hislop_jrg_1987_j31_1.pdf,,egg size/egg dry weight Table 3 p 7; location/year p 3 paragraph 4,1984 February - 1986 March,North Sea,56.501597,3.505635
Merlangius merlangus,1.13,0.057,oven dried,hislop_jrg_1987_j31_1.pdf,,egg size/egg dry weight Table 3 p 7; location/year p 3 paragraph 4,1984 February - 1986 March,North Sea,56.501597,3.505635
Merlangius merlangus,1.113,0.055,oven dried,hislop_jrg_1987_j31_1.pdf,,egg size/egg dry weight Table 3 p 7; location/year p 3 paragraph 4,1984 February - 1986 March,North Sea,56.501597,3.505635
Merlangius merlangus,1.108,0.051,oven dried,hislop_jrg_1987_j31_1.pdf,,egg size/egg dry weight Table 3 p 7; location/year p 3 paragraph 4,1984 February - 1986 March,North Sea,56.501597,3.505635
Merlangius merlangus,1.172,0.057,oven dried,hislop_jrg_1987_j31_1.pdf,,egg size/egg dry weight Table 3 p 7; location/year p 3 paragraph 4,1984 February - 1986 March,North Sea,56.501597,3.505635
Merlangius merlangus,1.163,0.055,oven dried,hislop_jrg_1987_j31_1.pdf,,egg size/egg dry weight Table 3 p 7; location/year p 3 paragraph 4,1984 February - 1986 March,North Sea,56.501597,3.505635
Merlangius merlangus,1.144,0.058,oven dried,hislop_jrg_1987_j31_1.pdf,,egg size/egg dry weight Table 3 p 7; location/year p 3 paragraph 4,1984 February - 1986 March,North Sea,56.501597,3.505635
Merlangius merlangus,1.156,0.059,oven dried,hislop_jrg_1987_j31_1.pdf,,egg size/egg dry weight Table 3 p 7; location/year p 3 paragraph 4,1984 February - 1986 March,North Sea,56.501597,3.505635
Merlangius merlangus,1.171,0.057,oven dried,hislop_jrg_1987_j31_1.pdf,,egg size/egg dry weight Table 3 p 7; location/year p 3 paragraph 4,1984 February - 1986 March,North Sea,56.501597,3.505635
Merlangius merlangus,1.187,0.073,oven dried,hislop_jrg_1987_j31_1.pdf,,egg size/egg dry weight Table 3 p 7; location/year p 3 paragraph 4,1984 February - 1986 March,North Sea,56.501597,3.505635
Merlangius merlangus,1.161,0.058,oven dried,hislop_jrg_1987_j31_1.pdf,,egg size/egg dry weight Table 3 p 7; location/year p 3 paragraph 4,1984 February - 1986 March,North Sea,56.501597,3.505635
Merlangius merlangus,1.176,0.061,oven dried,hislop_jrg_1987_j31_1.pdf,,egg size/egg dry weight Table 3 p 7; location/year p 3 paragraph 4,1984 February - 1986 March,North Sea,56.501597,3.505635
Merlangius merlangus,1.141,0.057,oven dried,hislop_jrg_1987_j31_1.pdf,,egg size/egg dry weight Table 3 p 7; location/year p 3 paragraph 4,1984 February - 1986 March,North Sea,56.501597,3.505635
Merlangius merlangus,1.168,0.06,oven dried,hislop_jrg_1987_j31_1.pdf,,egg size/egg dry weight Table 3 p 7; location/year p 3 paragraph 4,1984 February - 1986 March,North Sea,56.501597,3.505635
Merlangius merlangus,1.155,0.063,oven dried,hislop_jrg_1987_j31_1.pdf,,egg size/egg dry weight Table 3 p 7; location/year p 3 paragraph 4,1984 February - 1986 March,North Sea,56.501597,3.505635
Merlangius merlangus,1.124,0.054,oven dried,hislop_jrg_1987_j31_1.pdf,,egg size/egg dry weight Table 3 p 7; location/year p 3 paragraph 4,1984 February - 1986 March,North Sea,56.501597,3.505635
Merlangius merlangus,1.198,0.06,oven dried,hislop_jrg_1987_j31_1.pdf,,egg size/egg dry weight Table 3 p 7; location/year p 3 paragraph 4,1984 February - 1986 March,North Sea,56.501597,3.505635
Merlangius merlangus,1.136,0.055,oven dried,hislop_jrg_1987_j31_1.pdf,,egg size/egg dry weight Table 3 p 7; location/year p 3 paragraph 4,1984 February - 1986 March,North Sea,56.501597,3.505635
Merlangius merlangus,1.218,0.066,oven dried,hislop_jrg_1987_j31_1.pdf,,egg size/egg dry weight Table 3 p 7; location/year p 3 paragraph 4,1984 February - 1986 March,North Sea,56.501597,3.505635
Merlangius merlangus,1.158,0.056,oven dried,hislop_jrg_1987_j31_1.pdf,,egg size/egg dry weight Table 3 p 7; location/year p 3 paragraph 4,1984 February - 1986 March,North Sea,56.501597,3.505635
Pollachius pollachius,1.143,0.064,oven dried,hislop_jrg_1987_j31_1.pdf,,egg size/egg dry weight Table 5 p 10; location/year p 3 paragraph 4,1984 February - 1986 March,North Sea,56.501597,3.505635
Pollachius pollachius,1.143,0.065,oven dried,hislop_jrg_1987_j31_1.pdf,,egg size/egg dry weight Table 5 p 10; location/year p 3 paragraph 4,1984 February - 1986 March,North Sea,56.501597,3.505635
Pollachius pollachius,1.135,0.064,oven dried,hislop_jrg_1987_j31_1.pdf,,egg size/egg dry weight Table 5 p 10; location/year p 3 paragraph 4,1984 February - 1986 March,North Sea,56.501597,3.505635
Pollachius pollachius,1.121,0.063,oven dried,hislop_jrg_1987_j31_1.pdf,,egg size/egg dry weight Table 5 p 11; location/year p 3 paragraph 4,1984 February - 1986 March,North Sea,56.501597,3.505635
Pollachius pollachius,1.116,0.06,oven dried,hislop_jrg_1987_j31_1.pdf,,egg size/egg dry weight Table 5 p 11; location/year p 3 paragraph 4,1984 February - 1986 March,North Sea,56.501597,3.505635
Pollachius pollachius,1.118,0.061,oven dried,hislop_jrg_1987_j31_1.pdf,,egg size/egg dry weight Table 5 p 11; location/year p 3 paragraph 4,1984 February - 1986 March,North Sea,56.501597,3.505635
Pollachius pollachius,1.166,0.065,oven dried,hislop_jrg_1987_j31_1.pdf,,egg size/egg dry weight Table 5 p 11; location/year p 3 paragraph 4,1984 February - 1986 March,North Sea,56.501597,3.505635
Pollachius pollachius,1.167,0.068,oven dried,hislop_jrg_1987_j31_1.pdf,,egg size/egg dry weight Table 5 p 11; location/year p 3 paragraph 4,1984 February - 1986 March,North Sea,56.501597,3.505635
Pollachius pollachius,1.176,0.067,oven dried,hislop_jrg_1987_j31_1.pdf,,egg size/egg dry weight Table 5 p 11; location/year p 3 paragraph 4,1984 February - 1986 March,North Sea,56.501597,3.505635
Pollachius pollachius,1.18,0.069,oven dried,hislop_jrg_1987_j31_1.pdf,,egg size/egg dry weight Table 5 p 11; location/year p 3 paragraph 4,1984 February - 1986 March,North Sea,56.501597,3.505635
Pollachius pollachius,1.172,0.065,oven dried,hislop_jrg_1987_j31_1.pdf,,egg size/egg dry weight Table 5 p 11; location/year p 3 paragraph 4,1984 February - 1986 March,North Sea,56.501597,3.505635
Pollachius pollachius,1.162,0.063,oven dried,hislop_jrg_1987_j31_1.pdf,,egg size/egg dry weight Table 5 p 11; location/year p 3 paragraph 4,1984 February - 1986 March,North Sea,56.501597,3.505635
Pollachius pollachius,1.165,0.066,oven dried,hislop_jrg_1987_j31_1.pdf,,egg size/egg dry weight Table 5 p 11; location/year p 3 paragraph 4,1984 February - 1986 March,North Sea,56.501597,3.505635
Pollachius pollachius,1.136,0.067,oven dried,hislop_jrg_1987_j31_1.pdf,,egg size/egg dry weight Table 5 p 11; location/year p 3 paragraph 4,1984 February - 1986 March,North Sea,56.501597,3.505635
Pollachius virens,1.122,0.062,oven dried,hislop_jrg_1987_j31_1.pdf,,egg size/egg dry weight Table 5 p 10; location/year p 3 paragraph 4,1984 February - 1986 March,North Sea,56.501597,3.505635
Pollachius virens,1.13,0.063,oven dried,hislop_jrg_1987_j31_1.pdf,,egg size/egg dry weight Table 5 p 10; location/year p 3 paragraph 4,1984 February - 1986 March,North Sea,56.501597,3.505635
Pollachius virens,1.124,0.065,oven dried,hislop_jrg_1987_j31_1.pdf,,egg size/egg dry weight Table 5 p 10; location/year p 3 paragraph 4,1984 February - 1986 March,North Sea,56.501597,3.505635
Pollachius virens,1.147,0.074,oven dried,hislop_jrg_1987_j31_1.pdf,,egg size/egg dry weight Table 5 p 10; location/year p 3 paragraph 4,1984 February - 1986 March,North Sea,56.501597,3.505635
Pollachius virens,1.137,0.07,oven dried,hislop_jrg_1987_j31_1.pdf,,egg size/egg dry weight Table 5 p 10; location/year p 3 paragraph 4,1984 February - 1986 March,North Sea,56.501597,3.505635
Pollachius virens,1.141,0.067,oven dried,hislop_jrg_1987_j31_1.pdf,,egg size/egg dry weight Table 5 p 10; location/year p 3 paragraph 4,1984 February - 1986 March,North Sea,56.501597,3.505635
Pollachius virens,1.078,0.058,oven dried,hislop_jrg_1987_j31_1.pdf,,egg size/egg dry weight Table 5 p 10; location/year p 3 paragraph 4,1984 February - 1986 March,North Sea,56.501597,3.505635
Pollachius virens,1.107,0.057,oven dried,hislop_jrg_1987_j31_1.pdf,,egg size/egg dry weight Table 5 p 10; location/year p 3 paragraph 4,1984 February - 1986 March,North Sea,56.501597,3.505635
Trisopterus esmarkii,1.176,0.06,oven dried,hislop_jrg_1987_j31_1.pdf,,egg size/egg dry weight Table 4 p 8; location/year p 3 paragraph 4,1984 February - 1986 March,North Sea,56.501597,3.505635
Trisopterus esmarkii,1.141,0.054,oven dried,hislop_jrg_1987_j31_1.pdf,,"egg size/egg dry weight Table 4 p 8; location/year p 3, paragraph 4",1984 February - 1986 March,North Sea,56.501597,3.505635
Trisopterus esmarkii,1.194,0.07,oven dried,hislop_jrg_1987_j31_1.pdf,,"egg size/egg dry weight Table 4 p 8; location/year p 3, paragraph 4",1984 February - 1986 March,North Sea,56.501597,3.505635
Trisopterus esmarkii,1.112,0.061,oven dried,hislop_jrg_1987_j31_1.pdf,,"egg size/egg dry weight Table 4 p 8; location/year p 3, paragraph 4",1984 February - 1986 March,North Sea,56.501597,3.505635
Trisopterus esmarkii,1.129,0.059,oven dried,hislop_jrg_1987_j31_1.pdf,,"egg size/egg dry weight Table 4 p 8; location/year p 3, paragraph 4",1984 February - 1986 March,North Sea,56.501597,3.505635
Trisopterus esmarkii,1.091,0.057,oven dried,hislop_jrg_1987_j31_1.pdf,,"egg size/egg dry weight Table 4 p 8; location/year p 3, paragraph 4",1984 February - 1986 March,North Sea,56.501597,3.505635
Trisopterus esmarkii,1.069,0.053,oven dried,hislop_jrg_1987_j31_1.pdf,,"egg size/egg dry weight Table 4 p 8; location/year p 3, paragraph 4",1984 February - 1986 March,North Sea,56.501597,3.505635
Trisopterus esmarkii,1.117,0.06,oven dried,hislop_jrg_1987_j31_1.pdf,,"egg size/egg dry weight Table 4 p 8; location/year p 3, paragraph 4",1984 February - 1986 March,North Sea,56.501597,3.505635
Trisopterus esmarkii,1.104,0.056,oven dried,hislop_jrg_1987_j31_1.pdf,,"egg size/egg dry weight Table 4 p 8; location/year p 3, paragraph 4",1984 February - 1986 March,North Sea,56.501597,3.505635
Trisopterus esmarkii,1.049,0.05,oven dried,hislop_jrg_1987_j31_1.pdf,,"egg size/egg dry weight Table 4 p 8; location/year p 3, paragraph 4",1984 February - 1986 March,North Sea,56.501597,3.505635
Trisopterus esmarkii,1.097,0.057,oven dried,hislop_jrg_1987_j31_1.pdf,,"egg size/egg dry weight Table 4 p 8; location/year p 3, paragraph 4",1984 February - 1986 March,North Sea,56.501597,3.505635
Trisopterus esmarkii,1.092,0.056,oven dried,hislop_jrg_1987_j31_1.pdf,,"egg size/egg dry weight Table 4 p 8; location/year p 3, paragraph 4",1984 February - 1986 March,North Sea,56.501597,3.505635
Trisopterus esmarkii,1.083,0.055,oven dried,hislop_jrg_1987_j31_1.pdf,,"egg size/egg dry weight Table 4 p 8; location/year p 3, paragraph 4",1984 February - 1986 March,North Sea,56.501597,3.505635
Trisopterus esmarkii,1.171,0.064,oven dried,hislop_jrg_1987_j31_1.pdf,,"egg size/egg dry weight Table 4 p 8; location/year p 3, paragraph 4",1984 February - 1986 March,North Sea,56.501597,3.505635
Trisopterus esmarkii,1.134,0.065,oven dried,hislop_jrg_1987_j31_1.pdf,,"egg size/egg dry weight Table 4 p 8; location/year p 3, paragraph 4",1984 February - 1986 March,North Sea,56.501597,3.505635
Trisopterus esmarkii,1.089,0.06,oven dried,hislop_jrg_1987_j31_1.pdf,,"egg size/egg dry weight Table 4 p 8; location/year p 3, paragraph 4",1984 February - 1986 March,North Sea,56.501597,3.505635
Trisopterus esmarkii,1.129,0.061,oven dried,hislop_jrg_1987_j31_1.pdf,,"egg size/egg dry weight Table 4 p 8; location/year p 3, paragraph 4",1984 February - 1986 March,North Sea,56.501597,3.505635
Trisopterus esmarkii,1.129,0.064,oven dried,hislop_jrg_1987_j31_1.pdf,,"egg size/egg dry weight Table 4 p 8; location/year p 3, paragraph 4",1984 February - 1986 March,North Sea,56.501597,3.505635
Trisopterus esmarkii,1.104,0.06,oven dried,hislop_jrg_1987_j31_1.pdf,,"egg size/egg dry weight Table 4 p 8; location/year p 3, paragraph 4",1984 February - 1986 March,North Sea,56.501597,3.505635
Trisopterus esmarkii,1.106,0.054,oven dried,hislop_jrg_1987_j31_1.pdf,,"egg size/egg dry weight Table 4 p 8; location/year p 3, paragraph 4",1984 February - 1986 March,North Sea,56.501597,3.505635
Trisopterus esmarkii,1.15,0.065,oven dried,hislop_jrg_1987_j31_1.pdf,,"egg size/egg dry weight Table 4 p 8; location/year p 3, paragraph 4",1984 February - 1986 March,North Sea,56.501597,3.505635
Trisopterus esmarkii,1.153,0.067,oven dried,hislop_jrg_1987_j31_1.pdf,,"egg size/egg dry weight Table 4 p 8; location/year p 3, paragraph 4",1984 February - 1986 March,North Sea,56.501597,3.505635
Trisopterus esmarkii,1.108,0.057,oven dried,hislop_jrg_1987_j31_1.pdf,,"egg size/egg dry weight Table 4 p 8; location/year p 3, paragraph 4",1984 February - 1986 March,North Sea,56.501597,3.505635
Trisopterus esmarkii,1.108,0.059,oven dried,hislop_jrg_1987_j31_1.pdf,,"egg size/egg dry weight Table 4 p 8; location/year p 3, paragraph 4",1984 February - 1986 March,North Sea,56.501597,3.505635
Trisopterus esmarkii,1.117,0.055,oven dried,hislop_jrg_1987_j31_1.pdf,,"egg size/egg dry weight Table 4 p 8; location/year p 3, paragraph 4",1984 February - 1986 March,North Sea,56.501597,3.505635
Trisopterus esmarkii,1.143,0.064,oven dried,hislop_jrg_1987_j31_1.pdf,,"egg size/egg dry weight Table 4 p 8; location/year p 3, paragraph 4",1984 February - 1986 March,North Sea,56.501597,3.505635
Trisopterus esmarkii,1.11,0.061,oven dried,hislop_jrg_1987_j31_1.pdf,,"egg size/egg dry weight Table 4 p 8; location/year p 3, paragraph 4",1984 February - 1986 March,North Sea,56.501597,3.505635
Trisopterus esmarkii,1.051,0.048,oven dried,hislop_jrg_1987_j31_1.pdf,,"egg size/egg dry weight Table 4 p 8; location/year p 3, paragraph 4",1984 February - 1986 March,North Sea,56.501597,3.505635
Trisopterus esmarkii,1.064,0.053,oven dried,hislop_jrg_1987_j31_1.pdf,,"egg size/egg dry weight Table 4 p 8; location/year p 3, paragraph 4",1984 February - 1986 March,North Sea,56.501597,3.505635
Trisopterus esmarkii,1.077,0.053,oven dried,hislop_jrg_1987_j31_1.pdf,,"egg size/egg dry weight Table 4 p 8; location/year p 3, paragraph 4",1984 February - 1986 March,North Sea,56.501597,3.505635
Trisopterus esmarkii,1.171,0.067,oven dried,hislop_jrg_1987_j31_1.pdf,,"egg size/egg dry weight Table 4 p 8; location/year p 3, paragraph 4",1984 February - 1986 March,North Sea,56.501597,3.505635
Gasterosteus aculeatus,1.772247502,0.102690699,oven dried,fletcher_da_1995_j46_657.pdf,diameter transformed from volume (2.91455155038678) assuming sphere,location/year/method p 658 paragraph 4,1995,"Aberystwyth, United Kingdom",52.407086,-4.164387
Gasterosteus aculeatus,1.797873498,0.107982347,oven dried,fletcher_da_1995_j46_657.pdf,diameter transformed from volume (3.04281826534729) assuming sphere,location/year/method p 658 paragraph 4,1995,"Aberystwyth, United Kingdom",52.407086,-4.164387
Gasterosteus aculeatus,1.83700893,0.116435454,oven dried,fletcher_da_1995_j46_657.pdf,diameter transformed from volume (3.24587973591734) assuming sphere,location/year/method p 658 paragraph 4,1995,"Aberystwyth, United Kingdom",52.407086,-4.164387
Dicentrarchus labrax,1.22,0.124,oven dried,devauchelle_n_1988_a1_223.pdf,,Location/date p 224 paragraph 2; egg size/egg dry weight Table 7 p 228,1976-1983,"Brittany, Bretagne, France",48.930706,-3.072637
Dicentrarchus labrax,1.19,0.105,oven dried,devauchelle_n_1988_a1_223.pdf,,Location/date p 224 paragraph 2; egg size/egg dry weight Table 7 p 228,1976-1983,"Brittany, Bretagne, France",48.930706,-3.072637
Dicentrarchus labrax,1.25,0.122,oven dried,devauchelle_n_1988_a1_223.pdf,,Location/date p 224 paragraph 2; egg size/egg dry weight Table 7 p 228,1976-1983,"Brittany, Bretagne, France",48.930706,-3.072637
Dicentrarchus labrax,1.27,0.113,oven dried,devauchelle_n_1988_a1_223.pdf,,Location/date p 224 paragraph 2; egg size/egg dry weight Table 7 p 228,1976-1983,"Brittany, Bretagne, France",48.930706,-3.072637
Dicentrarchus labrax,1.17,0.099,oven dried,devauchelle_n_1988_a1_223.pdf,,Location/date p 224 paragraph 2; egg size/egg dry weight Table 7 p 228,1976-1983,"Brittany, Bretagne, France",48.930706,-3.072637
Dicentrarchus labrax,1.23,0.122,oven dried,devauchelle_n_1988_a1_223.pdf,,Location/date p 224 paragraph 2; egg size/egg dry weight Table 7 p 228,1976-1983,"Brittany, Bretagne, France",48.930706,-3.072637
Dicentrarchus labrax,1.33,0.147,oven dried,devauchelle_n_1988_a1_223.pdf,,Location/date p 224 paragraph 2; egg size/egg dry weight Table 7 p 228,1976-1983,"Brittany, Bretagne, France",48.930706,-3.072637
Dicentrarchus labrax,1.22,0.129,oven dried,devauchelle_n_1988_a1_223.pdf,,Location/date p 224 paragraph 2; egg size/egg dry weight Table 7 p 228,1976-1983,"Brittany, Bretagne, France",48.930706,-3.072637
Dicentrarchus labrax,1.19,0.132,oven dried,devauchelle_n_1988_a1_223.pdf,,Location/date p 224 paragraph 2; egg size/egg dry weight Table 7 p 228,1976-1983,"Brittany, Bretagne, France",48.930706,-3.072637
Dicentrarchus labrax,1.25,0.135,oven dried,devauchelle_n_1988_a1_223.pdf,,Location/date p 224 paragraph 2; egg size/egg dry weight Table 7 p 228,1976-1983,"Brittany, Bretagne, France",48.930706,-3.072637
Dicentrarchus labrax,1.3,0.14,oven dried,devauchelle_n_1988_a1_223.pdf,,Location/date p 224 paragraph 2; egg size/egg dry weight Table 7 p 228,1976-1983,"Brittany, Bretagne, France",48.930706,-3.072637
Dicentrarchus labrax,1.15,0.107,oven dried,devauchelle_n_1988_a1_223.pdf,,Location/date p 224 paragraph 2; egg size/egg dry weight Table 7 p 228,1976-1983,"Brittany, Bretagne, France",48.930706,-3.072637
Dicentrarchus labrax,1.29,0.142,oven dried,devauchelle_n_1988_a1_223.pdf,,Location/date p 224 paragraph 2; egg size/egg dry weight Table 7 p 228,1976-1983,"Brittany, Bretagne, France",48.930706,-3.072637
Dicentrarchus labrax,1.24,0.12,oven dried,devauchelle_n_1988_a1_223.pdf,,Location/date p 224 paragraph 2; egg size/egg dry weight Table 7 p 228,1976-1983,"Brittany, Bretagne, France",48.930706,-3.072637
Dicentrarchus labrax,1.16,0.107,oven dried,devauchelle_n_1988_a1_223.pdf,,Location/date p 224 paragraph 2; egg size/egg dry weight Table 7 p 228,1976-1983,"Brittany, Bretagne, France",48.930706,-3.072637
Dicentrarchus labrax,1.2,0.094,oven dried,devauchelle_n_1988_a1_223.pdf,,Location/date p 224 paragraph 2; egg size/egg dry weight Table 7 p 228,1976-1983,"Brittany, Bretagne, France",48.930706,-3.072637
Dicentrarchus labrax,1.14,0.109,oven dried,devauchelle_n_1988_a1_223.pdf,,Location/date p 224 paragraph 2; egg size/egg dry weight Table 7 p 228,1976-1983,"Brittany, Bretagne, France",48.930706,-3.072637
Hippoglossus hippoglossus,3.13,1.63,lyophilized samples,finn_r_1991_m108_11.pdf,,Egg size/egg dry weight Table 2 p 13; location/date p 12 paragraph 1,1989,"Sunndalsora, Norway",62.726395,8.516955
Hippoglossus hippoglossus,3.08,1.51,lyophilized samples,finn_r_1991_m108_11.pdf,,Egg size/egg dry weight Table 2 p 13; location/date p 12 paragraph 1,1989,"Sunndalsora, Norway",62.726395,8.516955
Hippoglossus hippoglossus,3.07,1.5,lyophilized samples,finn_r_1991_m108_11.pdf,,Egg size/egg dry weight Table 2 p 13; location/date p 12 paragraph 1,1989,"Sunndalsora, Norway",62.726395,8.516955
Hippoglossus hippoglossus,3.07,1.49,lyophilized samples,finn_r_1991_m108_11.pdf,,Egg size/egg dry weight Table 2 p 13; location/date p 12 paragraph 1,1989,"Sunndalsora, Norway",62.726395,8.516955
Hippoglossus hippoglossus,3.09,1.53,lyophilized samples,finn_r_1991_m108_11.pdf,,Egg size/egg dry weight Table 2 p 13; location/date p 12 paragraph 1,1989,"Sunndalsora, Norway",62.726395,8.516955
Hippoglossus hippoglossus,3.1,1.5,lyophilized samples,finn_r_1991_m108_11.pdf,,Egg size/egg dry weight Table 2 p 13; location/date p 12 paragraph 1,1989,"Sunndalsora, Norway",62.726395,8.516955
Pleuronectes platessa,1.7492,0.2088,oven dried/formaldehyde preserved,rijnsdorp_ad_1991_i48_253.pdf,,Egg size/egg dry weight Figure 10 p 269; location/date p 254 paragraph 7,1982-1985,North Sea,56.493882,3.517118
Pleuronectes platessa,1.757,0.2237,oven dried/formaldehyde preserved,rijnsdorp_ad_1991_i48_253.pdf,,Egg size/egg dry weight Figure 10 p 269; location/date p 254 paragraph 7,1982-1985,North Sea,56.493882,3.517118
Pleuronectes platessa,1.7829,0.2259,oven dried/formaldehyde preserved,rijnsdorp_ad_1991_i48_253.pdf,,Egg size/egg dry weight Figure 10 p 269; location/date p 254 paragraph 7,1982-1985,North Sea,56.493882,3.517118
Pleuronectes platessa,1.8511,0.2205,oven dried/formaldehyde preserved,rijnsdorp_ad_1991_i48_253.pdf,,Egg size/egg dry weight Figure 10 p 269; location/date p 254 paragraph 7,1982-1985,North Sea,56.493882,3.517118
Pleuronectes platessa,1.8031,0.2334,oven dried/formaldehyde preserved,rijnsdorp_ad_1991_i48_253.pdf,,Egg size/egg dry weight Figure 10 p 269; location/date p 254 paragraph 7,1982-1985,North Sea,56.493882,3.517118
Pleuronectes platessa,1.7713,0.2391,oven dried/formaldehyde preserved,rijnsdorp_ad_1991_i48_253.pdf,,Egg size/egg dry weight Figure 10 p 269; location/date p 254 paragraph 7,1982-1985,North Sea,56.493882,3.517118
Pleuronectes platessa,1.7717,0.2435,oven dried/formaldehyde preserved,rijnsdorp_ad_1991_i48_253.pdf,,Egg size/egg dry weight Figure 10 p 269; location/date p 254 paragraph 7,1982-1985,North Sea,56.493882,3.517118
Pleuronectes platessa,1.7887,0.2474,oven dried/formaldehyde preserved,rijnsdorp_ad_1991_i48_253.pdf,,Egg size/egg dry weight Figure 10 p 269; location/date p 254 paragraph 7,1982-1985,North Sea,56.493882,3.517118
Pleuronectes platessa,1.7989,0.2473,oven dried/formaldehyde preserved,rijnsdorp_ad_1991_i48_253.pdf,,Egg size/egg dry weight Figure 10 p 269; location/date p 254 paragraph 7,1982-1985,North Sea,56.493882,3.517118
Pleuronectes platessa,1.7974,0.2405,oven dried/formaldehyde preserved,rijnsdorp_ad_1991_i48_253.pdf,,Egg size/egg dry weight Figure 10 p 269; location/date p 254 paragraph 7,1982-1985,North Sea,56.493882,3.517118
Pleuronectes platessa,1.8077,0.2408,oven dried/formaldehyde preserved,rijnsdorp_ad_1991_i48_253.pdf,,Egg size/egg dry weight Figure 10 p 269; location/date p 254 paragraph 7,1982-1985,North Sea,56.493882,3.517118
Pleuronectes platessa,1.8141,0.2438,oven dried/formaldehyde preserved,rijnsdorp_ad_1991_i48_253.pdf,,Egg size/egg dry weight Figure 10 p 269; location/date p 254 paragraph 7,1982-1985,North Sea,56.493882,3.517118
Pleuronectes platessa,1.8275,0.2453,oven dried/formaldehyde preserved,rijnsdorp_ad_1991_i48_253.pdf,,Egg size/egg dry weight Figure 10 p 269; location/date p 254 paragraph 7,1982-1985,North Sea,56.493882,3.517118
Pleuronectes platessa,1.8269,0.2595,oven dried/formaldehyde preserved,rijnsdorp_ad_1991_i48_253.pdf,,Egg size/egg dry weight Figure 10 p 269; location/date p 254 paragraph 7,1982-1985,North Sea,56.493882,3.517118
Pleuronectes platessa,1.8241,0.261,oven dried/formaldehyde preserved,rijnsdorp_ad_1991_i48_253.pdf,,Egg size/egg dry weight Figure 10 p 269; location/date p 254 paragraph 7,1982-1985,North Sea,56.493882,3.517118
Pleuronectes platessa,1.8333,0.2614,oven dried/formaldehyde preserved,rijnsdorp_ad_1991_i48_253.pdf,,Egg size/egg dry weight Figure 10 p 269; location/date p 254 paragraph 7,1982-1985,North Sea,56.493882,3.517118
Pleuronectes platessa,1.8237,0.265,oven dried/formaldehyde preserved,rijnsdorp_ad_1991_i48_253.pdf,,Egg size/egg dry weight Figure 10 p 269; location/date p 254 paragraph 7,1982-1985,North Sea,56.493882,3.517118
Pleuronectes platessa,1.7894,0.2657,oven dried/formaldehyde preserved,rijnsdorp_ad_1991_i48_253.pdf,,Egg size/egg dry weight Figure 10 p 269; location/date p 254 paragraph 7,1982-1985,North Sea,56.493882,3.517118
Pleuronectes platessa,1.7828,0.2688,oven dried/formaldehyde preserved,rijnsdorp_ad_1991_i48_253.pdf,,Egg size/egg dry weight Figure 10 p 269; location/date p 254 paragraph 7,1982-1985,North Sea,56.493882,3.517118
Pleuronectes platessa,1.8528,0.2655,oven dried/formaldehyde preserved,rijnsdorp_ad_1991_i48_253.pdf,,Egg size/egg dry weight Figure 10 p 269; location/date p 254 paragraph 7,1982-1985,North Sea,56.493882,3.517118
Pleuronectes platessa,1.8666,0.2645,oven dried/formaldehyde preserved,rijnsdorp_ad_1991_i48_253.pdf,,Egg size/egg dry weight Figure 10 p 269; location/date p 254 paragraph 7,1982-1985,North Sea,56.493882,3.517118
Pleuronectes platessa,1.863,0.2668,oven dried/formaldehyde preserved,rijnsdorp_ad_1991_i48_253.pdf,,Egg size/egg dry weight Figure 10 p 269; location/date p 254 paragraph 7,1982-1985,North Sea,56.493882,3.517118
Pleuronectes platessa,1.8613,0.2686,oven dried/formaldehyde preserved,rijnsdorp_ad_1991_i48_253.pdf,,Egg size/egg dry weight Figure 10 p 269; location/date p 254 paragraph 7,1982-1985,North Sea,56.493882,3.517118
Pleuronectes platessa,1.8698,0.2721,oven dried/formaldehyde preserved,rijnsdorp_ad_1991_i48_253.pdf,,Egg size/egg dry weight Figure 10 p 269; location/date p 254 paragraph 7,1982-1985,North Sea,56.493882,3.517118
Pleuronectes platessa,1.874,0.275,oven dried/formaldehyde preserved,rijnsdorp_ad_1991_i48_253.pdf,,Egg size/egg dry weight Figure 10 p 269; location/date p 254 paragraph 7,1982-1985,North Sea,56.493882,3.517118
Pleuronectes platessa,1.903,0.2692,oven dried/formaldehyde preserved,rijnsdorp_ad_1991_i48_253.pdf,,Egg size/egg dry weight Figure 10 p 269; location/date p 254 paragraph 7,1982-1985,North Sea,56.493882,3.517118
Pleuronectes platessa,1.9411,0.2576,oven dried/formaldehyde preserved,rijnsdorp_ad_1991_i48_253.pdf,,Egg size/egg dry weight Figure 10 p 269; location/date p 254 paragraph 7,1982-1985,North Sea,56.493882,3.517118
Pleuronectes platessa,1.8765,0.2793,oven dried/formaldehyde preserved,rijnsdorp_ad_1991_i48_253.pdf,,Egg size/egg dry weight Figure 10 p 269; location/date p 254 paragraph 7,1982-1985,North Sea,56.493882,3.517118
Pleuronectes platessa,1.8893,0.2812,oven dried/formaldehyde preserved,rijnsdorp_ad_1991_i48_253.pdf,,Egg size/egg dry weight Figure 10 p 269; location/date p 254 paragraph 7,1982-1985,North Sea,56.493882,3.517118
Pleuronectes platessa,1.8999,0.2793,oven dried/formaldehyde preserved,rijnsdorp_ad_1991_i48_253.pdf,,Egg size/egg dry weight Figure 10 p 269; location/date p 254 paragraph 7,1982-1985,North Sea,56.493882,3.517118
Pleuronectes platessa,1.9073,0.2792,oven dried/formaldehyde preserved,rijnsdorp_ad_1991_i48_253.pdf,,Egg size/egg dry weight Figure 10 p 269; location/date p 254 paragraph 7,1982-1985,North Sea,56.493882,3.517118
Pleuronectes platessa,1.9035,0.2902,oven dried/formaldehyde preserved,rijnsdorp_ad_1991_i48_253.pdf,,Egg size/egg dry weight Figure 10 p 269; location/date p 254 paragraph 7,1982-1985,North Sea,56.493882,3.517118
Pleuronectes platessa,1.9123,0.2977,oven dried/formaldehyde preserved,rijnsdorp_ad_1991_i48_253.pdf,,Egg size/egg dry weight Figure 10 p 269; location/date p 254 paragraph 7,1982-1985,North Sea,56.493882,3.517118
Pleuronectes platessa,1.9173,0.2991,oven dried/formaldehyde preserved,rijnsdorp_ad_1991_i48_253.pdf,,Egg size/egg dry weight Figure 10 p 269; location/date p 254 paragraph 7,1982-1985,North Sea,56.493882,3.517118
Pleuronectes platessa,1.9306,0.2863,oven dried/formaldehyde preserved,rijnsdorp_ad_1991_i48_253.pdf,,Egg size/egg dry weight Figure 10 p 269; location/date p 254 paragraph 7,1982-1985,North Sea,56.493882,3.517118
Pleuronectes platessa,1.9508,0.2835,oven dried/formaldehyde preserved,rijnsdorp_ad_1991_i48_253.pdf,,Egg size/egg dry weight Figure 10 p 269; location/date p 254 paragraph 7,1982-1985,North Sea,56.493882,3.517118
Pleuronectes platessa,1.9438,0.2904,oven dried/formaldehyde preserved,rijnsdorp_ad_1991_i48_253.pdf,,Egg size/egg dry weight Figure 10 p 269; location/date p 254 paragraph 7,1982-1985,North Sea,56.493882,3.517118
Pleuronectes platessa,1.9682,0.2985,oven dried/formaldehyde preserved,rijnsdorp_ad_1991_i48_253.pdf,,Egg size/egg dry weight Figure 10 p 269; location/date p 254 paragraph 7,1982-1985,North Sea,56.493882,3.517118
Pleuronectes platessa,1.9325,0.316,oven dried/formaldehyde preserved,rijnsdorp_ad_1991_i48_253.pdf,,Egg size/egg dry weight Figure 10 p 269; location/date p 254 paragraph 7,1982-1985,North Sea,56.493882,3.517118
Pleuronectes platessa,1.9832,0.3183,oven dried/formaldehyde preserved,rijnsdorp_ad_1991_i48_253.pdf,,Egg size/egg dry weight Figure 10 p 269; location/date p 254 paragraph 7,1982-1985,North Sea,56.493882,3.517118
Pleuronectes platessa,2.0467,0.2837,oven dried/formaldehyde preserved,rijnsdorp_ad_1991_i48_253.pdf,,Egg size/egg dry weight Figure 10 p 269; location/date p 254 paragraph 7,1982-1985,North Sea,56.493882,3.517118
Solea solea,1.411,0.1237,desiccated,devauchelle_n_1987_a66_125.pdf,"converted values - 650 eggs per samples, measured in grams",Egg size/egg dry weight Table 8 p 136; location/date p 126 paragraph 2,1976 October,"Bay of Brest, Brest, France",48.311473,-4.646147
Solea solea,1.412,0.1251,desiccated,devauchelle_n_1987_a66_125.pdf,"converted values - 650 eggs per samples, measured in grams",Egg size/egg dry weight Table 8 p 136; location/date p 126 paragraph 2,1976 October,"Bay of Brest, Brest, France",48.311473,-4.646147
Solea solea,1.444,0.1299,desiccated,devauchelle_n_1987_a66_125.pdf,"converted values - 650 eggs per samples, measured in grams",Egg size/egg dry weight Table 8 p 136; location/date p 126 paragraph 2,1976 October,"Bay of Brest, Brest, France",48.311473,-4.646147
Solea solea,1.404,0.1212,desiccated,devauchelle_n_1987_a66_125.pdf,"converted values - 650 eggs per samples, measured in grams",Egg size/egg dry weight Table 8 p 136; location/date p 126 paragraph 2,1976 October,"Bay of Brest, Brest, France",48.311473,-4.646147
Solea solea,1.386,0.1209,desiccated,devauchelle_n_1987_a66_125.pdf,"converted values - 650 eggs per samples, measured in grams",Egg size/egg dry weight Table 8 p 136; location/date p 126 paragraph 2,1976 October,"Bay of Brest, Brest, France",48.311473,-4.646147
Solea solea,1.446,0.1279,desiccated,devauchelle_n_1987_a66_125.pdf,"converted values - 650 eggs per samples, measured in grams",Egg size/egg dry weight Table 8 p 136; location/date p 126 paragraph 2,1976 October,"Bay of Brest, Brest, France",48.311473,-4.646147
Solea solea,1.385,0.1365,desiccated,devauchelle_n_1987_a66_125.pdf,"converted values - 650 eggs per samples, measured in grams",Egg size/egg dry weight Table 8 p 136; location/date p 126 paragraph 2,1976 October,"Bay of Brest, Brest, France",48.311473,-4.646147
Solea solea,1.408,0.1159,desiccated,devauchelle_n_1987_a66_125.pdf,"converted values - 650 eggs per samples, measured in grams",Egg size/egg dry weight Table 8 p 136; location/date p 126 paragraph 2,1976 October,"Bay of Brest, Brest, France",48.311473,-4.646147
Solea solea,1.384,0.1244,desiccated,devauchelle_n_1987_a66_125.pdf,"converted values - 650 eggs per samples, measured in grams",Egg size/egg dry weight Table 8 p 136; location/date p 126 paragraph 2,1976 October,"Bay of Brest, Brest, France",48.311473,-4.646147
Solea solea,1.381,0.125,desiccated,devauchelle_n_1987_a66_125.pdf,"converted values - 650 eggs per samples, measured in grams",Egg size/egg dry weight Table 8 p 136; location/date p 126 paragraph 2,1976 October,"Bay of Brest, Brest, France",48.311473,-4.646147
Solea solea,1.319,0.1115,desiccated,devauchelle_n_1987_a66_125.pdf,"converted values - 650 eggs per samples, measured in grams",Egg size/egg dry weight Table 8 p 136; location/date p 126 paragraph 2,1976 October,"Bay of Brest, Brest, France",48.311473,-4.646147
Solea solea,1.325,0.081,desiccated,devauchelle_n_1987_a66_125.pdf,"converted values - 650 eggs per samples, measured in grams",Egg size/egg dry weight Table 8 p 136; location/date p 126 paragraph 2,1976 October,"Bay of Brest, Brest, France",48.311473,-4.646147
Solea solea,1.368,0.1003,desiccated,devauchelle_n_1987_a66_125.pdf,"converted values - 650 eggs per samples, measured in grams",Egg size/egg dry weight Table 8 p 136; location/date p 126 paragraph 2,1976 October,"Bay of Brest, Brest, France",48.311473,-4.646147
