Species,date_day_month_year,volume_mm3,eggDryWeight_mg,energy_j_per_mg,country,ocean,dehydrationMethod,obs
Muraenesox cinereus,16/07/1992,6.29,0.2472,21.345,japan,pacific,freezeDried,may have been kept at room temperature during mail transportation
Muraenesox cinereus,17/07/1992,5.2,0.2493,22.119,japan,pacific,freezeDried,may have been kept at room temperature during mail transportation
Muraenesox cinereus,17/07/1992,5.35,0.1446,28.612,japan,pacific,freezeDried,may have been kept at room temperature during mail transportation
Muraenesox cinereus,18/07/1992,3.37,0.1514,23.887,japan,pacific,freezeDried,may have been kept at room temperature during mail transportation
Muraenesox cinereus,28/07/1992,5.81,0.2377,22.978,japan,pacific,freezeDried,may have been kept at room temperature during mail transportation
Muraenesox cinereus,29/07/1992,2.07,0.1359,23.542,japan,pacific,freezeDried,may have been kept at room temperature during mail transportation
Muraenesox cinereus,31/07/1992,5.96,0.2524,22.925,japan,pacific,freezeDried,may have been kept at room temperature during mail transportation
Membras gilberti,3/04/1992,0.852,0.1573,23.875,panama,pacific,freezeDried,
Membras gilberti,3/04/1992,0.892,0.1737,24.13,panama,pacific,freezeDried,
Membras gilberti,3/04/1992,1.066,0.1735,24.205,panama,pacific,freezeDried,
Membras gilberti,3/04/1992,0.871,0.1721,23.657,panama,pacific,freezeDried,
Membras gilberti,3/04/1992,0.932,0.1535,24.093,panama,pacific,freezeDried,
Brevoortia tyrannus,5/01/1993,2.456,0.0494,19.813,usa,atlantic,freezeDried,may have been kept at room temperature during mail transportation
Clupea pallasii,23/03/1993,1.667,0.2507,21.532,canada,pacific,freezeDried,
Clupea pallasii,23/03/1993,1.611,0.2426,22.807,canada,pacific,freezeDried,
Clupea pallasii,23/03/1993,1.564,0.2138,22.755,canada,pacific,freezeDried,
Clupea pallasii,23/03/1993,1.602,0.2523,23.931,canada,pacific,freezeDried,
Acanthurus coeruleus,19/04/1992,0.136,0.0088,29.122,panama,caribean,freezeDried,
Acanthurus coeruleus,20/04/1992,0.138,0.0113,23.032,panama,caribean,freezeDried,
Acanthurus coeruleus,20/04/1992,0.142,0.0104,26.287,panama,caribean,freezeDried,
Acanthurus coeruleus,20/04/1992,0.141,0.0082,29.122,panama,caribean,freezeDried,
Acanthurus coeruleus,21/04/1992,0.163,0.0112,25.729,panama,caribean,freezeDried,
Acanthurus coeruleus,21/04/1992,0.148,0.011,24.624,panama,caribean,freezeDried,
Acanthurus nigrofuscus,20/12/1993,0.112,0.0079,23.024,australia,pacific,freezeDried,
Acanthurus nigrofuscus,20/12/1993,0.106,0.0141,22.974,australia,pacific,freezeDried,
Acanthurus nigrofuscus,20/12/1993,0.102,0.0078,24.043,australia,pacific,freezeDried,
Acanthurus nigrofuscus,20/12/1993,0.109,0.008,23.958,australia,pacific,freezeDried,
Acanthurus nigrofuscus,20/12/1993,0.1,0.009,23.239,australia,pacific,freezeDried,
Acanthurus nigrofuscus,20/12/1993,0.108,0.0073,21.656,australia,pacific,freezeDried,
Acanthurus nigrofuscus,24/12/1993,0.1,0.0076,23.801,australia,pacific,freezeDried,
Acanthurus nigrofuscus,24/12/1993,0.093,0.009,23.474,australia,pacific,freezeDried,
Acanthurus nigrofuscus,24/12/1993,0.092,0.0081,23.286,australia,pacific,freezeDried,
Acanthurus nigrofuscus,26/12/1993,0.085,0.0097,23.714,australia,pacific,freezeDried,
Acanthurus nigrofuscus,26/12/1993,0.093,0.008,23.884,australia,pacific,freezeDried,
Acanthurus nigrofuscus,26/12/1993,0.098,0.0085,22.36,australia,pacific,freezeDried,
Acanthurus nigrofuscus,26/12/1993,0.09,0.0131,23.592,australia,pacific,freezeDried,
Acanthurus nigrofuscus,26/12/1993,0.102,0.0093,24.793,australia,pacific,freezeDried,
Acanthurus triostegus,4/01/1994,0.087,0.0085,25.331,australia,pacific,freezeDried,
Acanthurus triostegus,4/01/1994,0.095,0.009,23.701,australia,pacific,freezeDried,
Acanthurus triostegus,4/01/1994,0.089,0.0092,24.734,australia,pacific,freezeDried,
Acanthurus triostegus,8/01/1994,0.079,0.0082,24.205,australia,pacific,freezeDried,
Zebrasoma scopas,23/12/1993,0.137,0.0109,23.897,australia,pacific,freezeDried,
Zebrasoma scopas,23/12/1993,0.141,0.0131,23.217,australia,pacific,freezeDried,
Zebrasoma scopas,23/12/1993,0.135,0.0153,23.024,australia,pacific,freezeDried,
Zebrasoma scopas,23/12/1993,0.135,0.0189,18.902,australia,pacific,freezeDried,
Zebrasoma scopas,23/12/1993,0.121,0.0118,23.599,australia,pacific,freezeDried,
Zebrasoma scopas,23/12/1993,0.135,0.0104,21.294,australia,pacific,freezeDried,
Zebrasoma scopas,24/12/1993,0.131,0.0096,23.208,australia,pacific,freezeDried,
Zebrasoma scopas,24/12/1993,0.122,0.011,22.674,australia,pacific,freezeDried,
Cheilodipterus quinquelineatus,4/01/1994,0.377,0.0403,23.892,australia,pacific,freezeDried,
Cheilodipterus quinquelineatus,4/01/1994,0.298,0.041,25.835,australia,pacific,freezeDried,
Ostorhinchus cyanosoma,2/08/1992,0.11,0.0209,23.372,japan,pacific,freezeDried,may have been kept at room temperature during mail transportation
Ostorhinchus cyanosoma,5/08/1992,0.105,0.0232,26.051,japan,pacific,freezeDried,may have been kept at room temperature during mail transportation
Ostorhinchus cyanosoma,5/08/1992,0.117,0.0211,23.034,japan,pacific,freezeDried,may have been kept at room temperature during mail transportation
Ostorhinchus cyanosoma,6/08/1992,0.14,0.027,24.667,japan,pacific,freezeDried,may have been kept at room temperature during mail transportation
Ostorhinchus cyanosoma,7/08/1992,0.115,0.0266,24.659,japan,pacific,freezeDried,may have been kept at room temperature during mail transportation
Ostorhinchus doederleini,2/08/1992,0.233,0.0487,23.765,japan,pacific,freezeDried,may have been kept at room temperature during mail transportation
Ophioblennius atlanticus,3/10/1990,0.126,0.0308,23.485,panama,caribean,freezeDried,
Ophioblennius atlanticus,5/10/1990,0.129,0.0354,22.092,panama,caribean,freezeDried,
Ophioblennius atlanticus,30/10/1990,0.125,0.0258,24.152,panama,caribean,freezeDried,
Ophioblennius atlanticus,30/10/1990,0.124,0.0257,24.346,panama,caribean,freezeDried,
Ophioblennius atlanticus,31/10/1990,0.132,0.0331,23.79,panama,caribean,freezeDried,
Ophioblennius atlanticus,1/11/1990,0.133,0.0326,22.014,panama,caribean,freezeDried,
Ophioblennius atlanticus,1/11/1990,0.126,0.0282,23.026,panama,caribean,freezeDried,
Ophioblennius atlanticus,1/11/1990,0.131,0.0307,24.027,panama,caribean,freezeDried,
Ophioblennius atlanticus,25/11/1990,0.142,0.0341,23.004,panama,caribean,freezeDried,
Ophioblennius atlanticus,25/11/1990,0.139,0.0319,23.301,panama,caribean,freezeDried,
Ophioblennius atlanticus,25/11/1990,0.141,0.0328,24.21,panama,caribean,freezeDried,
Ophioblennius atlanticus,25/11/1990,0.137,0.0328,23.3,panama,caribean,freezeDried,
Ophioblennius atlanticus,5/03/1991,0.147,0.0346,23.117,panama,caribean,freezeDried,
Ophioblennius atlanticus,5/03/1991,0.145,0.0371,23.205,panama,caribean,freezeDried,
Ophioblennius atlanticus,24/03/1991,0.145,0.0351,23.574,panama,caribean,freezeDried,
Ophioblennius atlanticus,24/03/1991,0.141,0.0328,24.927,panama,caribean,freezeDried,
Ophioblennius atlanticus,4/02/1993,0.141,0.0343,24.31,panama,caribean,freezeDried,
Ophioblennius atlanticus,4/02/1993,0.15,0.0364,24.289,panama,caribean,freezeDried,
Ophioblennius atlanticus,5/02/1993,0.139,0.0353,22.85,panama,caribean,freezeDried,
Ophioblennius atlanticus,5/02/1993,0.154,0.0365,25.825,panama,caribean,freezeDried,
Ophioblennius atlanticus,5/02/1993,0.145,0.0356,26.093,panama,caribean,freezeDried,
Ophioblennius atlanticus,6/02/1993,0.146,0.035,25.395,panama,caribean,freezeDried,
Ophioblennius atlanticus,3/03/1993,0.148,0.0359,24.235,panama,caribean,freezeDried,
Ophioblennius atlanticus,3/03/1993,0.147,0.0343,25.371,panama,caribean,freezeDried,
Ophioblennius atlanticus,4/03/1993,0.149,0.0359,24.217,panama,caribean,freezeDried,
Ophioblennius atlanticus,4/03/1993,0.142,0.0337,25.56,panama,caribean,freezeDried,
Ophioblennius atlanticus,4/03/1993,0.146,0.0327,24.869,panama,caribean,freezeDried,
Ophioblennius atlanticus,4/03/1993,0.146,0.0352,24.575,panama,caribean,freezeDried,
Ophioblennius steindachneri,4/01/1990,0.124,0.039,20.608,panama,pacific,freezeDried,
Ophioblennius steindachneri,24/01/1990,0.118,0.032,22.786,panama,pacific,freezeDried,
Ophioblennius steindachneri,24/01/1990,0.109,0.035,21.993,panama,pacific,freezeDried,
Ophioblennius steindachneri,24/01/1990,0.116,0.032,22.786,panama,pacific,freezeDried,
Ophioblennius steindachneri,31/01/1990,0.109,0.032,22.786,panama,pacific,freezeDried,
Ophioblennius steindachneri,22/02/1990,0.118,0.026,22.695,panama,pacific,freezeDried,
Ophioblennius steindachneri,22/02/1990,0.116,0.027,23.309,panama,pacific,freezeDried,
Ophioblennius steindachneri,22/02/1990,0.124,0.03,20.689,panama,pacific,freezeDried,
Ophioblennius steindachneri,28/02/1990,0.132,0.031,23.113,panama,pacific,freezeDried,
Ophioblennius steindachneri,28/02/1990,0.14,0.03,23.403,panama,pacific,freezeDried,
Ophioblennius steindachneri,28/02/1990,0.131,0.029,23.049,panama,pacific,freezeDried,
Ophioblennius steindachneri,9/03/1990,0.133,0.032,21.993,panama,pacific,freezeDried,
Ophioblennius steindachneri,17/06/1991,0.122,0.027,22.26,panama,pacific,freezeDried,
Ophioblennius steindachneri,5/07/1991,0.112,0.0233,22.378,panama,pacific,freezeDried,
Ophioblennius steindachneri,17/07/1991,0.102,0.028,22.378,panama,pacific,freezeDried,
Ophioblennius steindachneri,17/07/1991,0.109,0.0298,22.378,panama,pacific,freezeDried,
Ophioblennius steindachneri,17/07/1991,0.107,0.0265,22.378,panama,pacific,freezeDried,
Ophioblennius steindachneri,12/08/1991,0.118,0.023,22.456,panama,pacific,freezeDried,
Ophioblennius steindachneri,12/08/1991,0.111,0.0171,22.456,panama,pacific,freezeDried,
Ophioblennius steindachneri,12/08/1991,0.11,0.0248,22.456,panama,pacific,freezeDried,
Ophioblennius steindachneri,15/08/1991,0.115,0.0257,23.287,panama,pacific,freezeDried,
Ophioblennius steindachneri,15/08/1991,0.106,0.025,23.287,panama,pacific,freezeDried,
Ophioblennius steindachneri,15/08/1991,0.111,0.0258,23.287,panama,pacific,freezeDried,
Ophioblennius steindachneri,15/08/1991,0.104,0.0255,24.051,panama,pacific,freezeDried,
Acanthemblemaria hancocki,24/01/1990,0.337,0.081,24.389,panama,pacific,freezeDried,
Acanthemblemaria hancocki,24/01/1990,0.339,0.089,24.389,panama,pacific,freezeDried,
Acanthemblemaria hancocki,22/02/1990,0.314,0.076,25.02,panama,pacific,freezeDried,
Acanthemblemaria hancocki,22/02/1990,0.344,0.1,24.389,panama,pacific,freezeDried,
Acanthemblemaria hancocki,22/02/1990,0.33,0.081,25.02,panama,pacific,freezeDried,
Acanthemblemaria hancocki,22/02/1990,0.329,0.081,25.02,panama,pacific,freezeDried,
Acanthemblemaria hancocki,22/02/1990,0.333,0.088,24.389,panama,pacific,freezeDried,
Acanthemblemaria hancocki,22/03/1991,0.372,0.0949,21.222,panama,pacific,freezeDried,
Acanthemblemaria hancocki,22/03/1991,0.362,0.0948,21.222,panama,pacific,freezeDried,
Acanthemblemaria hancocki,22/03/1991,0.366,0.0863,21.222,panama,pacific,freezeDried,
Acanthemblemaria hancocki,22/03/1991,0.336,0.0919,21.222,panama,pacific,freezeDried,
Acanthemblemaria hancocki,22/03/1991,0.344,0.09,21.222,panama,pacific,freezeDried,
Acanthemblemaria hancocki,24/06/1991,0.402,0.0847,23.051,panama,pacific,freezeDried,
Acanthemblemaria hancocki,27/06/1991,0.374,0.0724,22.408,panama,pacific,freezeDried,
Acanthemblemaria hancocki,27/06/1991,0.403,0.0933,23.051,panama,pacific,freezeDried,
Acanthemblemaria hancocki,2/07/1991,0.385,0.0679,23.947,panama,pacific,freezeDried,
Acanthemblemaria hancocki,3/07/1991,0.362,0.0793,22.408,panama,pacific,freezeDried,
Acanthemblemaria hancocki,5/07/1991,0.36,0.0778,22.408,panama,pacific,freezeDried,
Acanthemblemaria hancocki,5/07/1991,0.339,0.0812,27.327,panama,pacific,freezeDried,
Acanthemblemaria hancocki,8/07/1991,0.349,0.0711,27.327,panama,pacific,freezeDried,
Acanthemblemaria hancocki,8/07/1991,0.351,0.0705,27.327,panama,pacific,freezeDried,
Acanthemblemaria hancocki,9/07/1991,0.381,0.085,23.947,panama,pacific,freezeDried,
Acanthemblemaria hancocki,10/07/1991,0.391,0.0859,23.051,panama,pacific,freezeDried,
Acanthemblemaria hancocki,10/07/1991,0.377,0.0788,22.408,panama,pacific,freezeDried,
Acanthemblemaria hancocki,11/07/1991,0.388,0.0874,23.947,panama,pacific,freezeDried,
Acanthemblemaria hancocki,12/07/1991,0.37,0.0663,22.408,panama,pacific,freezeDried,
Acanthemblemaria hancocki,17/07/1991,0.363,0.0864,22.803,panama,pacific,freezeDried,
Acanthemblemaria hancocki,17/07/1991,0.355,0.0758,23.885,panama,pacific,freezeDried,
Acanthemblemaria hancocki,17/07/1991,0.368,0.0826,22.803,panama,pacific,freezeDried,
Acanthemblemaria hancocki,17/07/1991,0.365,0.0765,22.902,panama,pacific,freezeDried,
Acanthemblemaria hancocki,17/07/1991,0.364,0.0819,22.803,panama,pacific,freezeDried,
Acanthemblemaria hancocki,17/07/1991,0.322,0.0734,23.885,panama,pacific,freezeDried,
Acanthemblemaria hancocki,17/07/1991,0.338,0.0729,23.885,panama,pacific,freezeDried,
Acanthemblemaria hancocki,17/07/1991,0.303,0.075,23.885,panama,pacific,freezeDried,
Acanthemblemaria hancocki,17/07/1991,0.337,0.0775,22.902,panama,pacific,freezeDried,
Acanthemblemaria hancocki,17/07/1991,0.359,0.077,22.902,panama,pacific,freezeDried,
Acanthemblemaria hancocki,12/08/1991,0.328,0.0762,22.631,panama,pacific,freezeDried,
Acanthemblemaria hancocki,12/08/1991,0.348,0.0819,22.631,panama,pacific,freezeDried,
Acanthemblemaria hancocki,12/08/1991,0.311,0.059,22.631,panama,pacific,freezeDried,
Acanthemblemaria hancocki,12/08/1991,0.311,0.0652,22.631,panama,pacific,freezeDried,
Acanthemblemaria hancocki,12/08/1991,0.339,0.0714,22.631,panama,pacific,freezeDried,
Acanthemblemaria hancocki,12/08/1991,0.366,0.0714,22.631,panama,pacific,freezeDried,
Acanthemblemaria rivasi,23/01/1990,0.633,0.153,22.731,panama,caribean,freezeDried,
Acanthemblemaria rivasi,23/01/1990,0.618,0.151,22.731,panama,caribean,freezeDried,
Acanthemblemaria rivasi,26/01/1990,0.574,0.14,24.13,panama,caribean,freezeDried,
Acanthemblemaria rivasi,26/01/1990,0.588,0.128,22.74,panama,caribean,freezeDried,
Acanthemblemaria rivasi,26/01/1990,0.523,0.135,24.13,panama,caribean,freezeDried,
Acanthemblemaria rivasi,29/01/1990,0.565,0.12,22.74,panama,caribean,freezeDried,
Acanthemblemaria rivasi,29/01/1990,0.545,0.13,22.74,panama,caribean,freezeDried,
Acanthemblemaria rivasi,21/02/1990,0.621,0.145,23.669,panama,caribean,freezeDried,
Acanthemblemaria rivasi,22/05/1990,0.617,0.132,23.669,panama,caribean,freezeDried,
Acanthemblemaria rivasi,30/05/1990,0.567,0.118,23.669,panama,caribean,freezeDried,
Acanthemblemaria rivasi,7/06/1990,0.603,0.117,23.669,panama,caribean,freezeDried,
Acanthemblemaria rivasi,19/04/1991,0.597,0.1385,22.576,panama,caribean,freezeDried,
Acanthemblemaria rivasi,22/04/1991,0.561,0.1261,23.179,panama,caribean,freezeDried,
Acanthemblemaria rivasi,24/04/1991,0.546,0.1057,22.576,panama,caribean,freezeDried,
Acanthemblemaria rivasi,30/04/1991,0.586,0.1403,22.576,panama,caribean,freezeDried,
Acanthemblemaria rivasi,1/05/1991,0.521,0.1121,23.179,panama,caribean,freezeDried,
Acanthemblemaria rivasi,3/05/1991,0.569,0.109,24.167,panama,caribean,freezeDried,
Acanthemblemaria rivasi,3/05/1991,0.625,0.1224,24.473,panama,caribean,freezeDried,
Acanthemblemaria rivasi,6/05/1991,0.541,0.1262,23.418,panama,caribean,freezeDried,
Acanthemblemaria rivasi,6/05/1991,0.667,0.1397,23.929,panama,caribean,freezeDried,
Acanthemblemaria rivasi,7/05/1991,0.635,0.1224,23.125,panama,caribean,freezeDried,
Acanthemblemaria rivasi,8/05/1991,0.557,0.1242,24.167,panama,caribean,freezeDried,
Acanthemblemaria rivasi,8/05/1991,0.605,0.1252,23.125,panama,caribean,freezeDried,
Acanthemblemaria rivasi,9/05/1991,0.61,0.1134,23.125,panama,caribean,freezeDried,
Acanthemblemaria rivasi,10/05/1991,0.596,0.1236,23.817,panama,caribean,freezeDried,
Acanthemblemaria rivasi,10/05/1991,0.591,0.1171,23.817,panama,caribean,freezeDried,
Acanthemblemaria rivasi,13/05/1991,0.547,0.114,23.418,panama,caribean,freezeDried,
Acanthemblemaria rivasi,15/05/1991,0.621,0.1218,24.473,panama,caribean,freezeDried,
Acanthemblemaria rivasi,15/05/1991,0.696,0.1283,23.929,panama,caribean,freezeDried,
Acanthemblemaria rivasi,16/05/1991,0.551,0.102,23.418,panama,caribean,freezeDried,
Acanthemblemaria rivasi,22/05/1991,0.56,0.1002,24.167,panama,caribean,freezeDried,
Acanthemblemaria rivasi,23/05/1991,0.58,0.1006,24.167,panama,caribean,freezeDried,
Acanthemblemaria rivasi,24/05/1991,0.646,0.1135,23.929,panama,caribean,freezeDried,
Acanthemblemaria rivasi,30/05/1991,0.63,0.1156,24.473,panama,caribean,freezeDried,
Acanthemblemaria rivasi,30/05/1991,0.61,0.1168,23.817,panama,caribean,freezeDried,
Acanthemblemaria rivasi,10/07/1991,0.477,0.0984,23.125,panama,caribean,freezeDried,
Neoclinus uninotatus,29/05/1992,1.345,0.249,21.729,usa,atlantic,freezeDried,may have been kept at room temperature during mail transportation
Chaetodon capistratus,8/06/1992,0.16,0.0123,23.862,panama,caribean,freezeDried,
Chaetodon capistratus,8/06/1992,0.162,0.0163,24.568,panama,caribean,freezeDried,
Chaetodon capistratus,8/06/1992,0.154,0.013,25.796,panama,caribean,freezeDried,
Chaetodon capistratus,8/06/1992,0.155,0.0178,23.939,panama,caribean,freezeDried,
Chaetodon capistratus,8/06/1992,0.163,0.0123,27.82,panama,caribean,freezeDried,
Chaetodon capistratus,8/06/1992,0.162,0.0155,25.306,panama,caribean,freezeDried,
Chaetodon capistratus,8/06/1992,0.17,0.0139,21.561,panama,caribean,freezeDried,
Chaetodon capistratus,8/06/1992,0.184,0.0131,28.329,panama,caribean,freezeDried,
Coryphaena hippurus,18/11/1992,2.6,0.1805,23.102,usa,pacific,freezeDried,may have been kept at room temperature during mail transportation
Coryphopterus dicrus,18/06/1991,0.082,0.0131,20.529,panama,caribean,freezeDried,
Coryphopterus dicrus,20/06/1991,0.095,0.0135,22.335,panama,caribean,freezeDried,
Coryphopterus dicrus,21/06/1991,0.097,0.0135,22.335,panama,caribean,freezeDried,
Coryphopterus dicrus,22/06/1991,0.088,0.0134,22.8,panama,caribean,freezeDried,
Coryphopterus dicrus,26/06/1991,0.092,0.0144,22.861,panama,caribean,freezeDried,
Coryphopterus dicrus,27/06/1991,0.09,0.0122,22.8,panama,caribean,freezeDried,
Coryphopterus dicrus,2/07/1991,0.108,0.0132,23.42,panama,caribean,freezeDried,
Coryphopterus dicrus,2/07/1991,0.084,0.0151,21.35,panama,caribean,freezeDried,
Coryphopterus dicrus,8/07/1991,0.092,0.0129,22.52,panama,caribean,freezeDried,
Coryphopterus dicrus,8/07/1991,0.097,0.0122,23.938,panama,caribean,freezeDried,
Coryphopterus dicrus,9/07/1991,0.103,0.0121,22.226,panama,caribean,freezeDried,
Coryphopterus glaucofraenum,23/04/1991,0.093,0.0079,22.314,panama,caribean,freezeDried,
Coryphopterus glaucofraenum,24/04/1991,0.075,0.0085,22.314,panama,caribean,freezeDried,
Coryphopterus glaucofraenum,25/04/1991,0.076,0.01,22.314,panama,caribean,freezeDried,
Coryphopterus glaucofraenum,8/05/1991,0.078,0.0087,24.363,panama,caribean,freezeDried,
Coryphopterus glaucofraenum,14/05/1991,0.08,0.0109,23.19,panama,caribean,freezeDried,
Coryphopterus glaucofraenum,20/05/1991,0.091,0.0104,23.253,panama,caribean,freezeDried,
Coryphopterus glaucofraenum,14/06/1991,0.088,0.0131,23.572,panama,caribean,freezeDried,
Coryphopterus glaucofraenum,20/06/1991,0.066,0.0045,22.993,panama,caribean,freezeDried,
Coryphopterus glaucofraenum,20/06/1991,0.066,0.0046,22.993,panama,caribean,freezeDried,
Coryphopterus glaucofraenum,20/06/1991,0.068,0.0071,22.674,panama,caribean,freezeDried,
Coryphopterus glaucofraenum,20/06/1991,0.076,0.0102,22.412,panama,caribean,freezeDried,
Coryphopterus glaucofraenum,20/06/1991,0.073,0.0103,22.961,panama,caribean,freezeDried,
Coryphopterus glaucofraenum,22/06/1991,0.079,0.0063,22.674,panama,caribean,freezeDried,
Coryphopterus glaucofraenum,26/06/1991,0.074,0.01,22.061,panama,caribean,freezeDried,
Coryphopterus glaucofraenum,27/06/1991,0.073,0.0084,22.221,panama,caribean,freezeDried,
Coryphopterus glaucofraenum,2/07/1991,0.064,0.0093,22.412,panama,caribean,freezeDried,
Coryphopterus glaucofraenum,2/07/1991,0.069,0.0086,21.562,panama,caribean,freezeDried,
Coryphopterus glaucofraenum,2/07/1991,0.07,0.0081,23.3,panama,caribean,freezeDried,
Coryphopterus glaucofraenum,8/07/1991,0.083,0.0107,23.118,panama,caribean,freezeDried,
Coryphopterus glaucofraenum,9/07/1991,0.081,0.0093,21.271,panama,caribean,freezeDried,
Coryphopterus personatus,7/05/1991,0.079,0.0096,22.115,panama,caribean,freezeDried,
Coryphopterus personatus,10/05/1991,0.068,0.0088,23.356,panama,caribean,freezeDried,
Coryphopterus personatus,14/05/1991,0.065,0.0088,22.72,panama,caribean,freezeDried,
Coryphopterus personatus,14/05/1991,0.071,0.0081,22.168,panama,caribean,freezeDried,
Coryphopterus personatus,14/05/1991,0.08,0.0103,22.115,panama,caribean,freezeDried,
Coryphopterus personatus,15/05/1991,0.076,0.01,21.967,panama,caribean,freezeDried,
Coryphopterus personatus,16/05/1991,0.079,0.0093,22.115,panama,caribean,freezeDried,
Coryphopterus personatus,17/05/1991,0.082,0.0105,23.135,panama,caribean,freezeDried,
Coryphopterus personatus,22/05/1991,0.075,0.0104,22.838,panama,caribean,freezeDried,
Coryphopterus personatus,22/05/1991,0.081,0.0133,23.135,panama,caribean,freezeDried,
Coryphopterus personatus,22/05/1991,0.059,0.0095,22.72,panama,caribean,freezeDried,
Coryphopterus personatus,23/05/1991,0.07,0.0081,23.356,panama,caribean,freezeDried,
Coryphopterus personatus,23/05/1991,0.08,0.0097,23.135,panama,caribean,freezeDried,
Coryphopterus personatus,23/05/1991,0.075,0.0104,22.838,panama,caribean,freezeDried,
Coryphopterus personatus,24/05/1991,0.077,0.0094,21.967,panama,caribean,freezeDried,
Coryphopterus personatus,25/05/1991,0.071,0.0057,22.168,panama,caribean,freezeDried,
Coryphopterus personatus,12/06/1991,0.062,0.0093,22.478,panama,caribean,freezeDried,
Coryphopterus personatus,14/06/1991,0.076,0.009,22.053,panama,caribean,freezeDried,
Coryphopterus personatus,21/06/1991,0.071,0.0112,21.063,panama,caribean,freezeDried,
Coryphopterus personatus,21/06/1991,0.066,0.0097,22.291,panama,caribean,freezeDried,
Coryphopterus personatus,21/06/1991,0.064,0.0096,22.291,panama,caribean,freezeDried,
Coryphopterus personatus,25/06/1991,0.066,0.0094,21.215,panama,caribean,freezeDried,
Coryphopterus personatus,25/06/1991,0.069,0.0086,21.783,panama,caribean,freezeDried,
Coryphopterus personatus,25/06/1991,0.068,0.0095,22.053,panama,caribean,freezeDried,
Coryphopterus personatus,26/06/1991,0.063,0.0089,21.783,panama,caribean,freezeDried,
Coryphopterus personatus,27/06/1991,0.067,0.0096,21.215,panama,caribean,freezeDried,
Coryphopterus personatus,27/06/1991,0.07,0.0094,21.063,panama,caribean,freezeDried,
Coryphopterus personatus,28/06/1991,0.079,0.01,22.478,panama,caribean,freezeDried,
Haemulon flavolineatum,21/04/1992,0.35,0.0237,23.71,panama,caribean,freezeDried,
Haemulon flavolineatum,21/04/1992,0.318,0.0241,24.012,panama,caribean,freezeDried,
Haemulon flavolineatum,21/04/1992,0.322,0.0252,23.909,panama,caribean,freezeDried,
Haemulon flavolineatum,21/04/1992,0.324,0.0244,25.385,panama,caribean,freezeDried,
Haemulon flavolineatum,21/04/1992,0.346,0.0241,26.34,panama,caribean,freezeDried,
Bodianus axillaris,27/12/1993,0.195,0.0138,22.943,australia,pacific,freezeDried,
Bodianus axillaris,28/12/1993,0.204,0.015,21.869,australia,pacific,freezeDried,
Bodianus diplotaenia,21/12/1991,0.172,0.0105,20.908,panama,pacific,freezeDried,
Bodianus diplotaenia,22/12/1991,0.197,0.0151,21.2,panama,pacific,freezeDried,
Bodianus diplotaenia,22/12/1991,0.197,0.0166,19.29,panama,pacific,freezeDried,
Bodianus diplotaenia,22/12/1991,0.184,0.0093,22.37,panama,pacific,freezeDried,
Bodianus diplotaenia,23/12/1991,0.178,0.0138,22.078,panama,pacific,freezeDried,
Bodianus diplotaenia,23/12/1991,0.211,0.0067,23.979,panama,pacific,freezeDried,
Bodianus diplotaenia,23/12/1991,0.193,0.0138,21.01,panama,pacific,freezeDried,
Bodianus diplotaenia,23/12/1991,0.187,0.0128,22.904,panama,pacific,freezeDried,
Bodianus diplotaenia,24/12/1991,0.187,0.0131,22.309,panama,pacific,freezeDried,
Bodianus diplotaenia,22/12/1991,0.197,0.0158,20.245,panama,pacific,freezeDried,
Bodianus rufus,21/04/1992,0.217,0.0195,22.834,panama,caribean,freezeDried,
Bodianus rufus,9/05/1992,0.218,0.0202,21.654,panama,caribean,freezeDried,
Bodianus rufus,13/08/1995,0.179,0.0191,20.952,panama,caribean,freezeDried,
Bodianus rufus,13/08/1995,0.181,0.014,21.614,panama,caribean,freezeDried,
Clepticus parrae,3/04/1992,0.151,0.0134,23.449,panama,caribean,freezeDried,
Clepticus parrae,3/04/1992,0.166,0.0143,24.577,panama,caribean,freezeDried,
Clepticus parrae,3/04/1992,0.154,0.0149,22.262,panama,caribean,freezeDried,
Clepticus parrae,3/04/1992,0.155,0.0142,23.272,panama,caribean,freezeDried,
Clepticus parrae,3/04/1992,0.156,0.0112,21.575,panama,caribean,freezeDried,
Clepticus parrae,3/04/1992,0.16,0.012,24.089,panama,caribean,freezeDried,
Doratonotus megalepis,4/03/1992,0.098,0.0055,23.468,panama,caribean,freezeDried,
Doratonotus megalepis,4/03/1992,0.097,0.0064,23.468,panama,caribean,freezeDried,
Doratonotus megalepis,19/03/1992,0.096,0.0065,23.468,panama,caribean,freezeDried,
Doratonotus megalepis,13/04/1992,0.082,0.0062,23.468,panama,caribean,freezeDried,
Doratonotus megalepis,15/04/1992,0.086,0.0054,23.468,panama,caribean,freezeDried,
Doratonotus megalepis,19/04/1992,0.08,0.0045,22.103,panama,caribean,freezeDried,
Doratonotus megalepis,29/04/1992,0.09,0.0043,22.103,panama,caribean,freezeDried,
Doratonotus megalepis,30/04/1992,0.082,0.006,22.488,panama,caribean,freezeDried,
Doratonotus megalepis,1/05/1992,0.087,0.0052,22.488,panama,caribean,freezeDried,
Halichoeres bivittatus,23/02/1992,0.123,0.0059,24.881,panama,caribean,freezeDried,
Halichoeres bivittatus,23/02/1992,0.129,0.007,24.881,panama,caribean,freezeDried,
Halichoeres bivittatus,23/02/1992,0.112,0.0076,23.545,panama,caribean,freezeDried,
Halichoeres bivittatus,24/02/1992,0.123,0.0079,23.782,panama,caribean,freezeDried,
Halichoeres bivittatus,24/02/1992,0.117,0.0087,23.545,panama,caribean,freezeDried,
Halichoeres bivittatus,24/02/1992,0.119,0.0086,21.826,panama,caribean,freezeDried,
Halichoeres bivittatus,24/02/1992,0.124,0.0095,23.552,panama,caribean,freezeDried,
Halichoeres bivittatus,24/02/1992,0.114,0.0084,22.839,panama,caribean,freezeDried,
Halichoeres bivittatus,25/02/1992,0.114,0.0063,23.419,panama,caribean,freezeDried,
Halichoeres bivittatus,29/02/1992,0.094,0.0064,22.071,panama,caribean,freezeDried,
Halichoeres bivittatus,29/02/1992,0.102,0.0078,27.315,panama,caribean,freezeDried,
Halichoeres bivittatus,29/02/1992,0.104,0.0078,23.614,panama,caribean,freezeDried,
Halichoeres bivittatus,29/02/1992,0.107,0.0071,22.96,panama,caribean,freezeDried,
Halichoeres bivittatus,29/02/1992,0.118,0.0086,22.96,panama,caribean,freezeDried,
Halichoeres bivittatus,29/02/1992,0.105,0.0049,23.994,panama,caribean,freezeDried,
Halichoeres bivittatus,5/03/1992,0.119,0.0088,22.435,panama,caribean,freezeDried,
Halichoeres bivittatus,5/03/1992,0.12,0.0083,24.381,panama,caribean,freezeDried,
Halichoeres chierchiae,1/11/1991,0.165,0.0076,22.342,panama,pacific,freezeDried,
Halichoeres chierchiae,1/11/1991,0.166,0.0104,21.444,panama,pacific,freezeDried,
Halichoeres chierchiae,4/11/1991,0.15,0.0083,21.089,panama,pacific,freezeDried,
Halichoeres chierchiae,5/11/1991,0.152,0.009,20.918,panama,pacific,freezeDried,
Halichoeres chierchiae,5/11/1991,0.149,0.0077,22.326,panama,pacific,freezeDried,
Halichoeres chierchiae,5/11/1991,0.139,0.0094,23.689,panama,pacific,freezeDried,
Halichoeres chierchiae,17/11/1991,0.15,0.0067,22.607,panama,pacific,freezeDried,
Halichoeres chierchiae,17/11/1991,0.125,0.0097,21.903,panama,pacific,freezeDried,
Halichoeres chierchiae,17/11/1991,0.145,0.0114,21.479,panama,pacific,freezeDried,
Halichoeres chierchiae,17/11/1991,0.155,0.0139,22.509,panama,pacific,freezeDried,
Halichoeres chierchiae,17/11/1991,0.16,0.0102,22.843,panama,pacific,freezeDried,
Halichoeres chierchiae,18/11/1991,0.16,0.0092,21.826,panama,pacific,freezeDried,
Halichoeres chierchiae,3/12/1991,0.149,0.0091,23.224,panama,pacific,freezeDried,
Halichoeres chierchiae,3/12/1991,0.142,0.008,22.431,panama,pacific,freezeDried,
Halichoeres chierchiae,8/12/1991,0.131,0.009,22.613,panama,pacific,freezeDried,
Halichoeres chloropterus,5/01/1994,0.103,0.0085,19.577,australia,pacific,freezeDried,
Halichoeres chloropterus,6/01/1994,0.086,0.0072,21.032,australia,pacific,freezeDried,
Halichoeres chloropterus,7/01/1994,0.093,0.0085,21.706,australia,pacific,freezeDried,
Halichoeres dispilus,3/11/1991,0.114,0.0053,27.891,panama,pacific,freezeDried,
Halichoeres dispilus,3/11/1991,0.093,0.0072,21.816,panama,pacific,freezeDried,
Halichoeres dispilus,3/11/1991,0.106,0.0057,23.902,panama,pacific,freezeDried,
Halichoeres dispilus,5/11/1991,0.108,0.0029,25.534,panama,pacific,freezeDried,
Halichoeres dispilus,5/11/1991,0.115,0.0028,26.551,panama,pacific,freezeDried,
Halichoeres dispilus,5/11/1991,0.111,0.007,24.3,panama,pacific,freezeDried,
Halichoeres dispilus,5/12/1991,0.095,0.0041,22.704,panama,pacific,freezeDried,
Halichoeres dispilus,5/12/1991,0.1,0.0048,27.044,panama,pacific,freezeDried,
Halichoeres dispilus,5/12/1991,0.099,0.0053,22.565,panama,pacific,freezeDried,
Halichoeres dispilus,5/12/1991,0.095,0.0062,24.301,panama,pacific,freezeDried,
Halichoeres dispilus,6/12/1991,0.098,0.0055,23.121,panama,pacific,freezeDried,
Halichoeres dispilus,6/12/1991,0.107,0.0059,24.048,panama,pacific,freezeDried,
Halichoeres dispilus,6/12/1991,0.103,0.0072,26.035,panama,pacific,freezeDried,
Halichoeres dispilus,6/12/1991,0.101,0.0086,22.294,panama,pacific,freezeDried,
Halichoeres dispilus,7/12/1991,0.096,0.0049,22.46,panama,pacific,freezeDried,
Halichoeres garnoti,20/03/1992,0.162,0.0074,25.088,panama,caribean,freezeDried,
Halichoeres garnoti,20/03/1992,0.151,0.0103,22.521,panama,caribean,freezeDried,
Halichoeres garnoti,20/03/1992,0.153,0.0121,23.006,panama,caribean,freezeDried,
Halichoeres garnoti,21/03/1992,0.137,0.0092,23.692,panama,caribean,freezeDried,
Halichoeres garnoti,21/03/1992,0.138,0.0123,23.197,panama,caribean,freezeDried,
Halichoeres garnoti,21/03/1992,0.136,0.0089,24.295,panama,caribean,freezeDried,
Halichoeres garnoti,22/03/1992,0.135,0.0083,23.535,panama,caribean,freezeDried,
Halichoeres garnoti,22/03/1992,0.145,0.0116,24.251,panama,caribean,freezeDried,
Halichoeres garnoti,22/03/1992,0.135,0.0117,23.218,panama,caribean,freezeDried,
Halichoeres garnoti,22/03/1992,0.136,0.0068,24.474,panama,caribean,freezeDried,
Halichoeres garnoti,22/03/1992,0.147,0.0082,22.84,panama,caribean,freezeDried,
Halichoeres garnoti,22/03/1992,0.132,0.0088,22.703,panama,caribean,freezeDried,
Halichoeres garnoti,27/03/1992,0.117,0.0075,26.57,panama,caribean,freezeDried,
Halichoeres garnoti,27/03/1992,0.142,0.0082,23.698,panama,caribean,freezeDried,
Halichoeres garnoti,27/03/1992,0.143,0.0073,25.477,panama,caribean,freezeDried,
Halichoeres hortulanus,6/01/1994,0.095,0.0057,25.254,australia,pacific,freezeDried,
Halichoeres hortulanus,14/01/1994,0.101,0.0056,22.82,australia,pacific,freezeDried,
Halichoeres maculipinna,9/04/1992,0.09,0.0056,25.76,panama,caribean,freezeDried,
Halichoeres maculipinna,19/04/1992,0.093,0.0053,25.062,panama,caribean,freezeDried,
Halichoeres maculipinna,2/05/1992,0.104,0.0054,23.23,panama,caribean,freezeDried,
Halichoeres maculipinna,3/05/1992,0.103,0.0056,25.062,panama,caribean,freezeDried,
Halichoeres maculipinna,3/05/1992,0.107,0.0076,23.451,panama,caribean,freezeDried,
Halichoeres maculipinna,11/05/1992,0.093,0.007,23.451,panama,caribean,freezeDried,
Halichoeres margaritaceus,5/01/1994,0.083,0.0067,23.686,australia,pacific,freezeDried,
Halichoeres margaritaceus,6/01/1994,0.077,0.0059,22.648,australia,pacific,freezeDried,
Halichoeres margaritaceus,7/01/1994,0.077,0.007,21.892,australia,pacific,freezeDried,
Halichoeres margaritaceus,7/01/1994,0.08,0.0074,23.671,australia,pacific,freezeDried,
Halichoeres margaritaceus,8/01/1994,0.092,0.0076,21.552,australia,pacific,freezeDried,
Halichoeres marginatus,5/01/1994,0.105,0.0106,18.859,australia,pacific,freezeDried,
Halichoeres marginatus,5/01/1994,0.096,0.0096,24.339,australia,pacific,freezeDried,
Halichoeres marginatus,6/01/1994,0.104,0.0109,21.878,australia,pacific,freezeDried,
Halichoeres melanurus,3/01/1994,0.111,0.0092,21.863,australia,pacific,freezeDried,
Halichoeres melanurus,3/01/1994,0.114,0.0097,21.161,australia,pacific,freezeDried,
Halichoeres melanurus,3/01/1994,0.114,0.0095,22.96,australia,pacific,freezeDried,
Halichoeres melanurus,3/01/1994,0.113,0.0091,23.321,australia,pacific,freezeDried,
Halichoeres melanurus,3/01/1994,0.113,0.0096,19.32,australia,pacific,freezeDried,
Halichoeres melanurus,3/01/1994,0.113,0.0082,24.579,australia,pacific,freezeDried,
Halichoeres miniatus,5/01/1994,0.114,0.0087,22.391,australia,pacific,freezeDried,
Halichoeres miniatus,9/01/1994,0.097,0.0077,22.828,australia,pacific,freezeDried,
Halichoeres miniatus,9/01/1994,0.099,0.0065,23.573,australia,pacific,freezeDried,
Halichoeres nebulosus,7/01/1994,0.093,0.008,23.055,australia,pacific,freezeDried,
Halichoeres nicholsi,18/11/1991,0.137,0.0109,23.269,panama,pacific,freezeDried,
Halichoeres nicholsi,18/11/1991,0.138,0.0099,20.563,panama,pacific,freezeDried,
Halichoeres notospilus,6/12/1991,0.099,0.0059,23.872,panama,pacific,freezeDried,
Halichoeres notospilus,7/12/1991,0.094,0.0056,22.651,panama,pacific,freezeDried,
Halichoeres notospilus,7/12/1991,0.097,0.0054,23.72,panama,pacific,freezeDried,
Halichoeres pictus,20/04/1992,0.141,0.0068,29.308,panama,caribean,freezeDried,
Halichoeres pictus,12/08/1995,0.154,0.021,20.501,panama,caribean,freezeDried,
Halichoeres pictus,12/08/1995,0.119,0.0108,20.074,panama,caribean,freezeDried,
Halichoeres pictus,13/08/1995,0.115,0.0079,20.804,panama,caribean,freezeDried,
Halichoeres poeyi,25/02/1992,0.13,0.0081,23.67,panama,caribean,freezeDried,
Halichoeres poeyi,25/02/1992,0.127,0.0094,23.527,panama,caribean,freezeDried,
Halichoeres poeyi,25/02/1992,0.126,0.01,24.363,panama,caribean,freezeDried,
Halichoeres poeyi,25/02/1992,0.137,0.01,22.868,panama,caribean,freezeDried,
Halichoeres poeyi,14/03/1992,0.13,0.0093,26.726,panama,caribean,freezeDried,
Halichoeres poeyi,14/03/1992,0.122,0.0115,23.406,panama,caribean,freezeDried,
Halichoeres poeyi,15/03/1992,0.13,0.0092,22.262,panama,caribean,freezeDried,
Halichoeres poeyi,15/03/1992,0.128,0.009,23.326,panama,caribean,freezeDried,
Halichoeres poeyi,15/03/1992,0.136,0.0115,23.168,panama,caribean,freezeDried,
Halichoeres poeyi,15/03/1992,0.142,0.0087,23.832,panama,caribean,freezeDried,
Halichoeres poeyi,15/03/1992,0.136,0.0118,23.938,panama,caribean,freezeDried,
Halichoeres poeyi,16/03/1992,0.136,0.0106,24.141,panama,caribean,freezeDried,
Halichoeres poeyi,25/03/1992,0.12,0.0109,22.68,panama,caribean,freezeDried,
Halichoeres poeyi,25/03/1992,0.117,0.0095,23.317,panama,caribean,freezeDried,
Halichoeres poeyi,28/03/1992,0.143,0.009,24.465,panama,caribean,freezeDried,
Halichoeres trimaculatus,5/01/1994,0.089,0.0065,21.36,australia,pacific,freezeDried,
Halichoeres trimaculatus,5/01/1994,0.093,0.0077,23.346,australia,pacific,freezeDried,
Halichoeres trimaculatus,5/01/1994,0.095,0.0083,22.128,australia,pacific,freezeDried,
Halichoeres trimaculatus,5/01/1994,0.099,0.0072,22.088,australia,pacific,freezeDried,
Halichoeres trimaculatus,5/01/1994,0.089,0.0066,23.234,australia,pacific,freezeDried,
Halichoeres trimaculatus,5/01/1994,0.088,0.0082,20.485,australia,pacific,freezeDried,
Hemigymnus fasciatus,30/12/1993,0.181,0.0167,22.251,australia,pacific,freezeDried,
Hemigymnus melapterus,26/12/1993,0.173,0.0142,24.708,australia,pacific,freezeDried,
Hemigymnus melapterus,26/12/1993,0.172,0.0169,25.173,australia,pacific,freezeDried,
Hemigymnus melapterus,26/12/1993,0.163,0.0164,22.444,australia,pacific,freezeDried,
Hemigymnus melapterus,26/12/1993,0.186,0.0143,23.032,australia,pacific,freezeDried,
Hemigymnus melapterus,6/01/1994,0.143,0.0147,21.725,australia,pacific,freezeDried,
Hemigymnus melapterus,6/01/1994,0.145,0.0133,22.918,australia,pacific,freezeDried,
Novaculichthys taeniourus,27/12/1993,0.091,0.0066,24.638,australia,pacific,freezeDried,
Novaculichthys taeniourus,30/12/1993,0.097,0.005,24.76,australia,pacific,freezeDried,
Novaculichthys taeniourus,30/12/1993,0.091,0.0079,23.424,australia,pacific,freezeDried,
Novaculichthys taeniourus,30/12/1993,0.085,0.0069,22.924,australia,pacific,freezeDried,
Novaculichthys taeniourus,31/12/1993,0.097,0.0083,25.174,australia,pacific,freezeDried,
Novaculichthys taeniourus,31/12/1993,0.101,0.0056,23.094,australia,pacific,freezeDried,
Stethojulis bandanensis,27/12/1993,0.071,0.0055,22.644,australia,pacific,freezeDried,
Stethojulis bandanensis,27/12/1993,0.069,0.0055,22.474,australia,pacific,freezeDried,
Symphodus mediterraneus,16/04/1993,0.236,0.0476,22.131,corsica,mediterranean,ovenDried,
Symphodus roissali,14/04/1993,0.273,0.0423,21.572,corsica,mediterranean,ovenDried,
Symphodus roissali,14/04/1993,0.28,0.0425,22.413,corsica,mediterranean,ovenDried,
Symphodus roissali,14/04/1993,0.28,0.0415,22.351,corsica,mediterranean,ovenDried,
Symphodus roissali,14/04/1993,0.271,0.0413,23.323,corsica,mediterranean,ovenDried,
Symphodus roissali,15/04/1993,0.222,0.0427,22.01,corsica,mediterranean,ovenDried,
Symphodus roissali,15/04/1993,0.2,0.0396,25.394,corsica,mediterranean,ovenDried,
Symphodus roissali,15/04/1993,0.211,0.0436,22.595,corsica,mediterranean,ovenDried,
Symphodus roissali,20/04/1993,0.251,0.0415,22.349,corsica,mediterranean,ovenDried,
Symphodus roissali,21/04/1993,0.271,0.0445,22.137,corsica,mediterranean,ovenDried,
Symphodus roissali,21/04/1993,0.267,0.0405,21.892,corsica,mediterranean,ovenDried,
Symphodus rostratus,17/04/1993,0.305,0.0515,23.951,corsica,mediterranean,ovenDried,
Symphodus rostratus,18/04/1993,0.266,0.0499,23.097,corsica,mediterranean,ovenDried,
Symphodus rostratus,18/04/1993,0.29,0.0529,21.348,corsica,mediterranean,ovenDried,
Symphodus rostratus,19/04/1993,0.269,0.0491,22.102,corsica,mediterranean,ovenDried,
Symphodus rostratus,19/04/1993,0.298,0.0495,22.676,corsica,mediterranean,ovenDried,
Symphodus rostratus,19/04/1993,0.272,0.0494,23.316,corsica,mediterranean,ovenDried,
Symphodus tinca,20/04/1993,0.251,0.0498,23.55,corsica,mediterranean,ovenDried,
Symphodus tinca,21/04/1993,0.271,0.0553,24.416,corsica,mediterranean,ovenDried,
Symphodus tinca,21/04/1993,0.264,0.0544,21.928,corsica,mediterranean,ovenDried,
Thalassoma bifasciatum,29/02/1992,0.081,0.0049,25.643,panama,caribean,freezeDried,
Thalassoma bifasciatum,29/02/1992,0.077,0.0044,25.643,panama,caribean,freezeDried,
Thalassoma bifasciatum,5/03/1992,0.086,0.006,25.544,panama,caribean,freezeDried,
Thalassoma bifasciatum,5/03/1992,0.086,0.0041,22.852,panama,caribean,freezeDried,
Thalassoma bifasciatum,5/03/1992,0.078,0.0034,23.224,panama,caribean,freezeDried,
Thalassoma bifasciatum,5/03/1992,0.084,0.0053,23.293,panama,caribean,freezeDried,
Thalassoma bifasciatum,5/03/1992,0.083,0.0051,23.06,panama,caribean,freezeDried,
Thalassoma bifasciatum,5/03/1992,0.079,0.0051,23.736,panama,caribean,freezeDried,
Thalassoma bifasciatum,5/03/1992,0.087,0.0046,23.736,panama,caribean,freezeDried,
Thalassoma bifasciatum,7/03/1992,0.092,0.0041,25.157,panama,caribean,freezeDried,
Thalassoma bifasciatum,7/03/1992,0.087,0.0043,24.816,panama,caribean,freezeDried,
Thalassoma bifasciatum,7/03/1992,0.086,0.0037,23.161,panama,caribean,freezeDried,
Thalassoma bifasciatum,7/03/1992,0.083,0.0055,23.11,panama,caribean,freezeDried,
Thalassoma bifasciatum,7/03/1992,0.072,0.0044,23.636,panama,caribean,freezeDried,
Thalassoma bifasciatum,7/03/1992,0.089,0.0032,24.359,panama,caribean,freezeDried,
Thalassoma hardwicke,19/12/1993,0.068,0.0061,23.062,australia,pacific,freezeDried,
Thalassoma hardwicke,19/12/1993,0.065,0.0064,21.674,australia,pacific,freezeDried,
Thalassoma hardwicke,19/12/1993,0.067,0.0052,21.952,australia,pacific,freezeDried,
Thalassoma hardwicke,19/12/1993,0.067,0.0061,22.608,australia,pacific,freezeDried,
Thalassoma hardwicke,24/12/1993,0.062,0.0059,23,australia,pacific,freezeDried,
Thalassoma hardwicke,24/12/1993,0.058,0.0052,22.512,australia,pacific,freezeDried,
Thalassoma hardwicke,24/12/1993,0.065,0.0061,20.583,australia,pacific,freezeDried,
Thalassoma jansenii,26/12/1993,0.067,0.0055,20.198,australia,pacific,freezeDried,
Thalassoma jansenii,26/12/1993,0.063,0.0058,21.734,australia,pacific,freezeDried,
Thalassoma jansenii,27/12/1993,0.065,0.0052,21.409,australia,pacific,freezeDried,
Thalassoma jansenii,29/12/1993,0.075,0.0055,21.028,australia,pacific,freezeDried,
Thalassoma jansenii,7/01/1994,0.06,0.0057,19.148,australia,pacific,freezeDried,
Thalassoma jansenii,7/01/1994,0.06,0.0049,23.397,australia,pacific,freezeDried,
Thalassoma lucasanum,31/10/1991,0.075,0.0039,22.168,panama,pacific,freezeDried,
Thalassoma lucasanum,31/10/1991,0.078,0.0063,20.866,panama,pacific,freezeDried,
Thalassoma lucasanum,31/10/1991,0.081,0.0044,20.809,panama,pacific,freezeDried,
Thalassoma lucasanum,31/10/1991,0.072,0.0073,21.874,panama,pacific,freezeDried,
Thalassoma lucasanum,31/10/1991,0.07,0.0046,21.831,panama,pacific,freezeDried,
Thalassoma lucasanum,4/11/1991,0.083,0.0048,22.064,panama,pacific,freezeDried,
Thalassoma lucasanum,19/11/1991,0.073,0.0062,21.878,panama,pacific,freezeDried,
Thalassoma lucasanum,19/11/1991,0.074,0.0069,21.66,panama,pacific,freezeDried,
Thalassoma lucasanum,19/11/1991,0.076,0.0057,20.25,panama,pacific,freezeDried,
Thalassoma lucasanum,19/11/1991,0.083,0.0073,21.58,panama,pacific,freezeDried,
Thalassoma lucasanum,19/11/1991,0.079,0.0078,20.73,panama,pacific,freezeDried,
Thalassoma lucasanum,21/11/1991,0.073,0.0041,22.495,panama,pacific,freezeDried,
Thalassoma lucasanum,21/11/1991,0.072,0.0061,22.255,panama,pacific,freezeDried,
Thalassoma lucasanum,21/11/1991,0.065,0.0058,24.228,panama,pacific,freezeDried,
Thalassoma lucasanum,8/12/1991,0.07,0.0048,22.699,panama,pacific,freezeDried,
Thalassoma lunare,26/12/1993,0.074,0.0055,21.392,australia,pacific,freezeDried,
Thalassoma lunare,5/01/1994,0.07,0.0058,19.89,australia,pacific,freezeDried,
Thalassoma lunare,5/01/1994,0.069,0.0063,20.829,australia,pacific,freezeDried,
Thalassoma lunare,6/01/1994,0.066,0.0053,23.77,australia,pacific,freezeDried,
Thalassoma lunare,6/01/1994,0.065,0.005,23.823,australia,pacific,freezeDried,
Parupeneus multifasciatus,28/12/1993,0.126,0.0099,26.385,australia,pacific,freezeDried,
Parupeneus multifasciatus,28/12/1993,0.137,0.012,24.094,australia,pacific,freezeDried,
Parupeneus multifasciatus,28/12/1993,0.127,0.0129,24.057,australia,pacific,freezeDried,
Parupeneus multifasciatus,28/12/1993,0.134,0.0114,25.036,australia,pacific,freezeDried,
Scolopsis bilineata,9/01/1994,0.227,0.0163,27.366,australia,pacific,freezeDried,
Parapercis snyderi,2/08/1992,0.131,0.012,24.217,japan,pacific,freezeDried,may have been kept at room temperature during mail transportation
Parapercis snyderi,3/08/1992,0.193,0.0149,22.339,japan,pacific,freezeDried,may have been kept at room temperature during mail transportation
Parapercis snyderi,3/08/1992,0.181,0.0126,24.213,japan,pacific,freezeDried,may have been kept at room temperature during mail transportation
Parapercis snyderi,3/08/1992,0.177,0.0104,23.627,japan,pacific,freezeDried,may have been kept at room temperature during mail transportation
Parapercis snyderi,5/08/1992,0.181,0.0135,24.216,japan,pacific,freezeDried,may have been kept at room temperature during mail transportation
Parapercis snyderi,5/08/1992,0.203,0.0159,22.124,japan,pacific,freezeDried,may have been kept at room temperature during mail transportation
Abudefduf bengalensis,20/12/1993,0.259,0.0567,26.467,australia,pacific,freezeDried,
Abudefduf bengalensis,31/12/1993,0.261,0.0592,26.881,australia,pacific,freezeDried,
Abudefduf bengalensis,2/01/1994,0.227,0.0504,24.468,australia,pacific,freezeDried,
Abudefduf bengalensis,10/01/1994,0.249,0.0572,24.861,australia,pacific,freezeDried,
Abudefduf bengalensis,13/01/1994,0.262,0.0573,25.641,australia,pacific,freezeDried,
Abudefduf bengalensis,14/01/1994,0.231,0.0493,24.996,australia,pacific,freezeDried,
Abudefduf saxatilis,9/12/1987,0.171,0.048,21.509,panama,caribean,freezeDried,
Abudefduf saxatilis,9/12/1987,0.175,0.047,19.65,panama,caribean,freezeDried,
Abudefduf saxatilis,10/12/1987,0.175,0.049,21.136,panama,caribean,freezeDried,
Abudefduf saxatilis,10/12/1987,0.18,0.049,21.977,panama,caribean,freezeDried,
Abudefduf saxatilis,10/12/1987,0.18,0.049,21.098,panama,caribean,freezeDried,
Abudefduf saxatilis,11/12/1987,0.193,0.048,21.241,panama,caribean,freezeDried,
Abudefduf saxatilis,11/12/1987,0.18,0.047,21.479,panama,caribean,freezeDried,
Abudefduf saxatilis,11/12/1987,0.181,0.048,21.337,panama,caribean,freezeDried,
Abudefduf saxatilis,12/12/1987,0.195,0.051,22.585,panama,caribean,freezeDried,
Abudefduf saxatilis,12/12/1987,0.184,0.047,19.993,panama,caribean,freezeDried,
Abudefduf saxatilis,2/03/1990,0.189,0.047,23.027,panama,caribean,freezeDried,
Abudefduf saxatilis,2/03/1990,0.185,0.048,23.94,panama,caribean,freezeDried,
Abudefduf saxatilis,2/03/1990,0.185,0.048,23.289,panama,caribean,freezeDried,
Abudefduf saxatilis,4/03/1990,0.188,0.046,23.565,panama,caribean,freezeDried,
Abudefduf saxatilis,4/03/1990,0.186,0.049,22.765,panama,caribean,freezeDried,
Abudefduf saxatilis,6/03/1990,0.206,0.046,23.94,panama,caribean,freezeDried,
Abudefduf saxatilis,10/05/1990,0.182,0.046,23.636,panama,caribean,freezeDried,
Abudefduf saxatilis,11/05/1990,0.186,0.045,22.919,panama,caribean,freezeDried,
Abudefduf saxatilis,11/05/1990,0.186,0.045,22.963,panama,caribean,freezeDried,
Abudefduf saxatilis,12/05/1990,0.189,0.041,22.97,panama,caribean,freezeDried,
Abudefduf saxatilis,14/05/1990,0.19,0.048,22.905,panama,caribean,freezeDried,
Abudefduf saxatilis,5/10/1990,0.199,0.041,21.119,panama,caribean,freezeDried,
Abudefduf saxatilis,1/11/1990,0.199,0.044,21.263,panama,caribean,freezeDried,
Abudefduf saxatilis,1/11/1990,0.186,0.043,22.426,panama,caribean,freezeDried,
Abudefduf saxatilis,1/11/1990,0.189,0.049,22.467,panama,caribean,freezeDried,
Abudefduf saxatilis,31/01/1993,0.173,0.0465,21.442,panama,caribean,freezeDried,
Abudefduf saxatilis,31/01/1993,0.2,0.0428,24.524,panama,caribean,freezeDried,
Abudefduf saxatilis,2/03/1993,0.206,0.0449,23.379,panama,caribean,freezeDried,
Abudefduf saxatilis,2/03/1993,0.206,0.0444,24.594,panama,caribean,freezeDried,
Abudefduf saxatilis,5/03/1993,0.2,0.0449,24.254,panama,caribean,freezeDried,
Abudefduf saxatilis,6/03/1993,0.211,0.0445,25.781,panama,caribean,freezeDried,
Abudefduf saxatilis,6/03/1993,0.204,0.0442,24.703,panama,caribean,freezeDried,
Abudefduf saxatilis,6/03/1993,0.188,0.0421,24.002,panama,caribean,freezeDried,
Abudefduf saxatilis,7/03/1993,0.196,0.0443,24.108,panama,caribean,freezeDried,
Abudefduf saxatilis,21/03/1993,0.196,0.0419,23.844,panama,caribean,freezeDried,
Abudefduf saxatilis,21/03/1993,0.181,0.0442,23.217,panama,caribean,freezeDried,
Abudefduf saxatilis,29/07/1993,0.194,0.0453,25.315,panama,caribean,freezeDried,
Abudefduf saxatilis,29/07/1993,0.198,0.0427,23.468,panama,caribean,freezeDried,
Abudefduf saxatilis,29/07/1993,0.202,0.0427,23.608,panama,caribean,freezeDried,
Abudefduf saxatilis,29/07/1993,0.196,0.044,24.968,panama,caribean,freezeDried,
Abudefduf saxatilis,29/07/1993,0.214,0.0458,22.847,panama,caribean,freezeDried,
Abudefduf saxatilis,29/07/1993,0.196,0.0449,26.011,panama,caribean,freezeDried,
Abudefduf saxatilis,29/07/1993,0.194,0.0465,21.992,panama,caribean,freezeDried,
Abudefduf saxatilis,30/07/1993,0.19,0.0483,21.179,panama,caribean,freezeDried,
Abudefduf saxatilis,30/07/1993,0.201,0.0484,23.717,panama,caribean,freezeDried,
Abudefduf saxatilis,30/07/1993,0.189,0.0442,24.13,panama,caribean,freezeDried,
Abudefduf saxatilis,30/07/1993,0.187,0.0426,23.175,panama,caribean,freezeDried,
Abudefduf saxatilis,11/05/1990,0.186,0.045,22.941,panama,caribean,freezeDried,
Abudefduf septemfasciatus,1/01/1994,0.228,0.0474,23.782,australia,pacific,freezeDried,
Abudefduf septemfasciatus,1/01/1994,0.237,0.0484,23.248,australia,pacific,freezeDried,
Abudefduf septemfasciatus,1/01/1994,0.226,0.0505,24.52,australia,pacific,freezeDried,
Abudefduf septemfasciatus,1/01/1994,0.225,0.0454,23.426,australia,pacific,freezeDried,
Abudefduf septemfasciatus,1/01/1994,0.223,0.0501,25.815,australia,pacific,freezeDried,
Abudefduf septemfasciatus,1/01/1994,0.225,0.0496,23.13,australia,pacific,freezeDried,
Abudefduf septemfasciatus,1/01/1994,0.224,0.0485,23.388,australia,pacific,freezeDried,
Abudefduf septemfasciatus,1/01/1994,0.223,0.0463,26.612,australia,pacific,freezeDried,
Abudefduf septemfasciatus,1/01/1994,0.236,0.0508,24.184,australia,pacific,freezeDried,
Abudefduf septemfasciatus,1/01/1994,0.221,0.0444,24.957,australia,pacific,freezeDried,
Abudefduf sordidus,30/12/1993,0.269,0.0534,25.218,australia,pacific,freezeDried,
Abudefduf sordidus,30/12/1993,0.265,0.063,23.317,australia,pacific,freezeDried,
Abudefduf sordidus,30/12/1993,0.263,0.0564,22.252,australia,pacific,freezeDried,
Abudefduf sordidus,31/12/1993,0.258,0.0541,22.841,australia,pacific,freezeDried,
Abudefduf sordidus,13/01/1994,0.241,0.0505,22.955,australia,pacific,freezeDried,
Abudefduf sordidus,14/01/1994,0.236,0.0504,23.447,australia,pacific,freezeDried,
Abudefduf sordidus,14/01/1994,0.233,0.0508,20.967,australia,pacific,freezeDried,
Abudefduf sordidus,14/01/1994,0.249,0.0526,23.714,australia,pacific,freezeDried,
Abudefduf troschelii,4/01/1990,0.159,0.042,22.275,panama,pacific,freezeDried,
Abudefduf troschelii,4/01/1990,0.167,0.041,19.91,panama,pacific,freezeDried,
Abudefduf troschelii,4/01/1990,0.158,0.049,23.028,panama,pacific,freezeDried,
Abudefduf troschelii,4/01/1990,0.148,0.037,21.454,panama,pacific,freezeDried,
Abudefduf troschelii,4/01/1990,0.153,0.04,20.093,panama,pacific,freezeDried,
Abudefduf troschelii,31/01/1990,0.138,0.033,23.104,panama,pacific,freezeDried,
Abudefduf troschelii,31/01/1990,0.15,0.035,24.293,panama,pacific,freezeDried,
Abudefduf troschelii,31/01/1990,0.172,0.038,23.832,panama,pacific,freezeDried,
Abudefduf troschelii,31/01/1990,0.166,0.039,22.92,panama,pacific,freezeDried,
Abudefduf troschelii,31/01/1990,0.161,0.038,24.205,panama,pacific,freezeDried,
Abudefduf troschelii,31/01/1990,0.145,0.033,23.104,panama,pacific,freezeDried,
Abudefduf troschelii,26/07/1990,0.147,0.0373,22.643,panama,pacific,freezeDried,
Abudefduf troschelii,26/07/1990,0.147,0.0366,21.605,panama,pacific,freezeDried,
Abudefduf troschelii,26/07/1990,0.145,0.0283,21.682,panama,pacific,freezeDried,
Abudefduf troschelii,26/07/1990,0.145,0.037,22.786,panama,pacific,freezeDried,
Abudefduf troschelii,6/08/1990,0.151,0.0386,24.272,panama,pacific,freezeDried,
Abudefduf troschelii,6/08/1990,0.151,0.0405,23.345,panama,pacific,freezeDried,
Abudefduf troschelii,6/08/1990,0.141,0.033,22.212,panama,pacific,freezeDried,
Abudefduf troschelii,21/11/1990,0.141,0.0246,23.259,panama,pacific,freezeDried,
Abudefduf troschelii,21/11/1990,0.146,0.0339,22.711,panama,pacific,freezeDried,
Abudefduf troschelii,21/11/1990,0.133,0.0367,22.374,panama,pacific,freezeDried,
Abudefduf troschelii,10/01/1991,0.141,0.0325,23.143,panama,pacific,freezeDried,
Abudefduf troschelii,10/01/1991,0.154,0.035,22.107,panama,pacific,freezeDried,
Abudefduf troschelii,10/01/1991,0.15,0.0327,20.032,panama,pacific,freezeDried,
Abudefduf troschelii,10/01/1991,0.145,0.0486,22.174,panama,pacific,freezeDried,
Abudefduf troschelii,12/08/1991,0.154,0.0304,22.512,panama,pacific,freezeDried,
Abudefduf troschelii,12/08/1991,0.149,0.0394,22.053,panama,pacific,freezeDried,
Abudefduf troschelii,12/08/1991,0.152,0.036,22.321,panama,pacific,freezeDried,
Abudefduf troschelii,12/08/1991,0.149,0.0345,22.093,panama,pacific,freezeDried,
Abudefduf troschelii,12/08/1991,0.149,0.0344,23.964,panama,pacific,freezeDried,
Abudefduf troschelii,12/08/1991,0.143,0.0322,22.237,panama,pacific,freezeDried,
Abudefduf troschelii,12/08/1991,0.141,0.0327,23.13,panama,pacific,freezeDried,
Abudefduf troschelii,12/08/1991,0.157,0.0388,22.069,panama,pacific,freezeDried,
Abudefduf troschelii,15/08/1991,0.134,0.0309,22.566,panama,pacific,freezeDried,
Abudefduf troschelii,15/08/1991,0.138,0.0322,23.812,panama,pacific,freezeDried,
Abudefduf troschelii,27/01/1993,0.166,0.0356,24.463,panama,pacific,freezeDried,
Abudefduf troschelii,27/01/1993,0.152,0.0358,23.019,panama,pacific,freezeDried,
Abudefduf troschelii,27/01/1993,0.164,0.0382,23.691,panama,pacific,freezeDried,
Abudefduf troschelii,27/01/1993,0.161,0.0368,24.483,panama,pacific,freezeDried,
Abudefduf troschelii,27/01/1993,0.161,0.0365,23.726,panama,pacific,freezeDried,
Abudefduf troschelii,27/01/1993,0.167,0.0384,23.782,panama,pacific,freezeDried,
Abudefduf troschelii,27/01/1993,0.168,0.0364,23.075,panama,pacific,freezeDried,
Abudefduf troschelii,26/07/1990,0.147,0.037,22.124,panama,pacific,freezeDried,
Abudefduf troschelii,26/07/1990,0.145,0.0326,22.234,panama,pacific,freezeDried,
Abudefduf vaigiensis,22/12/1993,0.168,0.04,24.317,australia,pacific,freezeDried,
Abudefduf vaigiensis,22/12/1993,0.147,0.0321,24.412,australia,pacific,freezeDried,
Abudefduf vaigiensis,22/12/1993,0.166,0.0388,24.545,australia,pacific,freezeDried,
Abudefduf vaigiensis,22/12/1993,0.151,0.0327,23.166,australia,pacific,freezeDried,
Abudefduf vaigiensis,22/12/1993,0.166,0.0413,23.159,australia,pacific,freezeDried,
Abudefduf vaigiensis,22/12/1993,0.17,0.0383,24.411,australia,pacific,freezeDried,
Abudefduf vaigiensis,22/12/1993,0.16,0.038,23.361,australia,pacific,freezeDried,
Abudefduf vaigiensis,22/12/1993,0.16,0.0379,26.738,australia,pacific,freezeDried,
Abudefduf vaigiensis,22/12/1993,0.178,0.0383,23.98,australia,pacific,freezeDried,
Abudefduf vaigiensis,22/12/1993,0.173,0.0438,22.209,australia,pacific,freezeDried,
Abudefduf vaigiensis,22/12/1993,0.164,0.0388,23.043,australia,pacific,freezeDried,
Abudefduf vaigiensis,10/01/1994,0.139,0.0358,25.241,australia,pacific,freezeDried,
Abudefduf vaigiensis,10/01/1994,0.137,0.035,21.831,australia,pacific,freezeDried,
Chromis atrilobata,5/01/1992,0.075,0.0146,21.591,panama,pacific,freezeDried,
Chromis atrilobata,5/01/1992,0.075,0.0157,20.848,panama,pacific,freezeDried,
Chromis atrilobata,5/01/1992,0.078,0.0161,20.422,panama,pacific,freezeDried,
Chromis atrilobata,12/01/1992,0.088,0.019,21.273,panama,pacific,freezeDried,
Chromis atrilobata,12/01/1992,0.077,0.0147,20.832,panama,pacific,freezeDried,
Chromis atrilobata,12/01/1992,0.082,0.017,23.376,panama,pacific,freezeDried,
Chromis atripectoralis,26/12/1993,0.091,0.0239,24.809,australia,pacific,freezeDried,
Chromis atripectoralis,27/12/1993,0.08,0.0238,24.552,australia,pacific,freezeDried,
Chromis atripectoralis,27/12/1993,0.079,0.0209,24.111,australia,pacific,freezeDried,
Chromis atripectoralis,27/12/1993,0.084,0.0202,23.612,australia,pacific,freezeDried,
Chromis atripectoralis,31/12/1993,0.066,0.0226,23.755,australia,pacific,freezeDried,
Chromis multilineata,17/03/1992,0.077,0.0188,25.484,panama,caribean,freezeDried,
Chromis multilineata,17/03/1992,0.071,0.0184,25.119,panama,caribean,freezeDried,
Chromis multilineata,17/03/1992,0.079,0.0179,23.856,panama,caribean,freezeDried,
Chromis multilineata,17/03/1992,0.075,0.0199,25.255,panama,caribean,freezeDried,
Chromis multilineata,17/03/1992,0.08,0.02,23.471,panama,caribean,freezeDried,
Chromis multilineata,17/03/1992,0.074,0.0185,19.026,panama,caribean,freezeDried,
Chromis multilineata,17/03/1992,0.081,0.0166,24.677,panama,caribean,freezeDried,
Chromis multilineata,18/04/1992,0.074,0.0183,24.089,panama,caribean,freezeDried,
Chromis multilineata,18/04/1992,0.077,0.0195,23.18,panama,caribean,freezeDried,
Chromis multilineata,18/04/1992,0.079,0.0196,23.983,panama,caribean,freezeDried,
Chromis multilineata,18/04/1992,0.075,0.0192,23.35,panama,caribean,freezeDried,
Chromis multilineata,18/04/1992,0.07,0.0186,22.423,panama,caribean,freezeDried,
Chromis multilineata,18/04/1992,0.077,0.0192,21.888,panama,caribean,freezeDried,
Chromis multilineata,18/04/1992,0.076,0.0174,24.127,panama,caribean,freezeDried,
Hypsypops rubicundus,21/06/1992,0.412,0.0702,21.873,usa,pacific,freezeDried,may have been kept at room temperature during mail transportation
Hypsypops rubicundus,25/06/1992,0.427,0.0686,23.492,usa,pacific,freezeDried,may have been kept at room temperature during mail transportation
Hypsypops rubicundus,30/06/1992,0.453,0.0777,22.857,usa,pacific,freezeDried,may have been kept at room temperature during mail transportation
Hypsypops rubicundus,2/07/1992,0.401,0.0676,23.739,usa,pacific,freezeDried,may have been kept at room temperature during mail transportation
Hypsypops rubicundus,2/07/1992,0.401,0.0673,24.069,usa,pacific,freezeDried,may have been kept at room temperature during mail transportation
Hypsypops rubicundus,3/07/1992,0.418,0.0881,21.857,usa,pacific,freezeDried,may have been kept at room temperature during mail transportation
Hypsypops rubicundus,2/07/1992,0.401,0.0674,23.904,usa,pacific,freezeDried,may have been kept at room temperature during mail transportation
Microspathodon bairdii,27/08/1990,0.141,0.0288,22.562,panama,pacific,freezeDried,
Microspathodon bairdii,28/09/1990,0.144,0.0328,23.436,panama,pacific,freezeDried,
Microspathodon bairdii,28/09/1990,0.137,0.0337,23.01,panama,pacific,freezeDried,
Microspathodon bairdii,28/09/1990,0.148,0.0251,23.604,panama,pacific,freezeDried,
Microspathodon bairdii,21/11/1990,0.141,0.026,21.858,panama,pacific,freezeDried,
Microspathodon bairdii,20/08/1991,0.143,0.0295,22.487,panama,pacific,freezeDried,
Microspathodon bairdii,17/09/1991,0.175,0.0281,23.69,panama,pacific,freezeDried,
Microspathodon bairdii,14/11/1991,0.14,0.0298,24.28,panama,pacific,freezeDried,
Microspathodon bairdii,16/11/1991,0.133,0.0274,24.59,panama,pacific,freezeDried,
Microspathodon bairdii,18/11/1991,0.134,0.0236,24.239,panama,pacific,freezeDried,
Microspathodon chrysurus,6/11/1987,0.112,0.026,21.295,panama,caribean,freezeDried,
Microspathodon chrysurus,6/11/1987,0.116,0.027,21.295,panama,caribean,freezeDried,
Microspathodon chrysurus,6/11/1987,0.117,0.026,21.295,panama,caribean,freezeDried,
Microspathodon chrysurus,8/11/1987,0.115,0.029,22.543,panama,caribean,freezeDried,
Microspathodon chrysurus,8/11/1987,0.119,0.027,20.906,panama,caribean,freezeDried,
Microspathodon chrysurus,9/11/1987,0.117,0.035,21.295,panama,caribean,freezeDried,
Microspathodon chrysurus,9/11/1987,0.118,0.028,22.543,panama,caribean,freezeDried,
Microspathodon chrysurus,9/11/1987,0.121,0.03,21.09,panama,caribean,freezeDried,
Microspathodon chrysurus,9/11/1987,0.109,0.02,20.906,panama,caribean,freezeDried,
Microspathodon chrysurus,9/11/1987,0.114,0.035,21.09,panama,caribean,freezeDried,
Microspathodon chrysurus,14/04/1990,0.134,0.028,23.244,panama,caribean,freezeDried,
Microspathodon chrysurus,14/04/1990,0.125,0.023,22.744,panama,caribean,freezeDried,
Microspathodon chrysurus,15/04/1990,0.128,0.024,22.222,panama,caribean,freezeDried,
Microspathodon chrysurus,15/04/1990,0.128,0.025,23.376,panama,caribean,freezeDried,
Microspathodon chrysurus,16/04/1990,0.128,0.025,22.877,panama,caribean,freezeDried,
Microspathodon chrysurus,10/05/1990,0.124,0.032,22.025,panama,caribean,freezeDried,
Microspathodon chrysurus,10/05/1990,0.126,0.032,23.518,panama,caribean,freezeDried,
Microspathodon chrysurus,12/05/1990,0.12,0.029,23.771,panama,caribean,freezeDried,
Microspathodon chrysurus,13/05/1990,0.121,0.03,23.146,panama,caribean,freezeDried,
Microspathodon chrysurus,14/05/1990,0.12,0.028,23.2,panama,caribean,freezeDried,
Microspathodon chrysurus,15/05/1990,0.122,0.03,21.09,panama,caribean,freezeDried,
Microspathodon chrysurus,2/09/1990,0.128,0.0327,22.65,panama,caribean,freezeDried,
Microspathodon chrysurus,5/10/1990,0.124,0.0299,23.152,panama,caribean,freezeDried,
Microspathodon chrysurus,5/02/1993,0.134,0.0235,22.645,panama,caribean,freezeDried,
Microspathodon chrysurus,5/02/1993,0.137,0.0287,23.115,panama,caribean,freezeDried,
Microspathodon chrysurus,5/02/1993,0.135,0.0283,22.868,panama,caribean,freezeDried,
Microspathodon chrysurus,6/02/1993,0.139,0.0286,25.655,panama,caribean,freezeDried,
Microspathodon chrysurus,6/02/1993,0.136,0.0281,22.255,panama,caribean,freezeDried,
Microspathodon chrysurus,6/02/1993,0.127,0.0235,23.601,panama,caribean,freezeDried,
Microspathodon chrysurus,6/02/1993,0.133,0.031,24.753,panama,caribean,freezeDried,
Microspathodon chrysurus,6/02/1993,0.14,0.0311,24.396,panama,caribean,freezeDried,
Microspathodon chrysurus,4/03/1993,0.132,0.0314,25.03,panama,caribean,freezeDried,
Microspathodon chrysurus,5/03/1993,0.132,0.0307,24.49,panama,caribean,freezeDried,
Microspathodon chrysurus,5/03/1993,0.133,0.0302,25.21,panama,caribean,freezeDried,
Microspathodon chrysurus,6/03/1993,0.136,0.0241,23.572,panama,caribean,freezeDried,
Microspathodon chrysurus,6/03/1993,0.139,0.0322,24.659,panama,caribean,freezeDried,
Microspathodon chrysurus,6/03/1993,0.135,0.0282,23.42,panama,caribean,freezeDried,
Microspathodon chrysurus,9/03/1993,0.13,0.0291,23.832,panama,caribean,freezeDried,
Microspathodon dorsalis,9/03/1990,0.149,0.032,23.577,panama,pacific,freezeDried,
Microspathodon dorsalis,9/03/1990,0.165,0.033,24.226,panama,pacific,freezeDried,
Microspathodon dorsalis,9/03/1990,0.158,0.033,24.515,panama,pacific,freezeDried,
Microspathodon dorsalis,9/03/1990,0.155,0.03,23.036,panama,pacific,freezeDried,
Microspathodon dorsalis,6/08/1990,0.123,0.028,22.338,panama,pacific,freezeDried,
Microspathodon dorsalis,27/08/1990,0.12,0.0281,23.15,panama,pacific,freezeDried,
Microspathodon dorsalis,27/08/1990,0.126,0.0259,22.915,panama,pacific,freezeDried,
Microspathodon dorsalis,27/08/1990,0.12,0.0258,22.682,panama,pacific,freezeDried,
Microspathodon dorsalis,24/10/1990,0.125,0.0291,22.601,panama,pacific,freezeDried,
Microspathodon dorsalis,24/10/1990,0.125,0.0291,21.07,panama,pacific,freezeDried,
Microspathodon dorsalis,4/02/1991,0.14,0.027,22.067,panama,pacific,freezeDried,
Microspathodon dorsalis,22/03/1991,0.177,0.0324,23.426,panama,pacific,freezeDried,
Microspathodon dorsalis,22/03/1991,0.196,0.0375,23.261,panama,pacific,freezeDried,
Microspathodon dorsalis,22/03/1991,0.181,0.0313,23.183,panama,pacific,freezeDried,
Microspathodon dorsalis,12/08/1991,0.115,0.0238,22.078,panama,pacific,freezeDried,
Microspathodon dorsalis,20/08/1991,0.127,0.0221,22.877,panama,pacific,freezeDried,
Microspathodon dorsalis,20/08/1991,0.131,0.0292,22.737,panama,pacific,freezeDried,
Microspathodon dorsalis,20/08/1991,0.123,0.0262,22.205,panama,pacific,freezeDried,
Microspathodon dorsalis,20/08/1991,0.123,0.0262,22.855,panama,pacific,freezeDried,
Microspathodon dorsalis,20/08/1991,0.132,0.0226,23.381,panama,pacific,freezeDried,
Microspathodon dorsalis,17/09/1991,0.156,0.0252,22.95,panama,pacific,freezeDried,
Microspathodon dorsalis,17/09/1991,0.159,0.0248,24.156,panama,pacific,freezeDried,
Microspathodon dorsalis,17/09/1991,0.149,0.0253,23.884,panama,pacific,freezeDried,
Microspathodon dorsalis,20/08/1991,0.123,0.0262,22.53,panama,pacific,freezeDried,
Stegastes acapulcoensis,29/09/1986,0.096,0.016,23.454,panama,pacific,freezeDried,
Stegastes acapulcoensis,30/10/1986,0.097,0.017,23.454,panama,pacific,freezeDried,
Stegastes acapulcoensis,30/10/1986,0.098,0.014,23.454,panama,pacific,freezeDried,
Stegastes acapulcoensis,30/10/1986,0.102,0.019,24.261,panama,pacific,freezeDried,
Stegastes acapulcoensis,25/11/1986,0.103,0.017,24.011,panama,pacific,freezeDried,
Stegastes acapulcoensis,25/11/1986,0.092,0.014,24.011,panama,pacific,freezeDried,
Stegastes acapulcoensis,25/11/1986,0.101,0.019,24.461,panama,pacific,freezeDried,
Stegastes acapulcoensis,25/11/1986,0.096,0.015,24.011,panama,pacific,freezeDried,
Stegastes acapulcoensis,25/11/1986,0.093,0.019,24.461,panama,pacific,freezeDried,
Stegastes acapulcoensis,25/11/1986,0.1,0.017,24.011,panama,pacific,freezeDried,
Stegastes acapulcoensis,15/08/1990,0.103,0.025,21.652,panama,pacific,freezeDried,
Stegastes acapulcoensis,15/08/1990,0.097,0.0201,23.3,panama,pacific,freezeDried,
Stegastes acapulcoensis,15/08/1990,0.095,0.0226,23.79,panama,pacific,freezeDried,
Stegastes acapulcoensis,15/08/1990,0.102,0.0208,24.15,panama,pacific,freezeDried,
Stegastes acapulcoensis,15/08/1990,0.096,0.0213,24.331,panama,pacific,freezeDried,
Stegastes acapulcoensis,15/08/1990,0.096,0.02,23.083,panama,pacific,freezeDried,
Stegastes acapulcoensis,15/08/1990,0.1,0.0242,23.212,panama,pacific,freezeDried,
Stegastes acapulcoensis,15/08/1990,0.095,0.0183,22.973,panama,pacific,freezeDried,
Stegastes acapulcoensis,27/08/1990,0.096,0.02,23.669,panama,pacific,freezeDried,
Stegastes acapulcoensis,27/08/1990,0.098,0.0207,21.751,panama,pacific,freezeDried,
Stegastes acapulcoensis,27/08/1990,0.102,0.0205,23.689,panama,pacific,freezeDried,
Stegastes acapulcoensis,28/09/1990,0.1,0.0173,25.058,panama,pacific,freezeDried,
Stegastes adustus,10/09/1987,0.088,0.011,24.155,panama,caribean,freezeDried,
Stegastes adustus,10/09/1987,0.082,0.015,24.155,panama,caribean,freezeDried,
Stegastes adustus,11/09/1987,0.085,0.018,23.727,panama,caribean,freezeDried,
Stegastes adustus,15/09/1987,0.077,0.017,23.727,panama,caribean,freezeDried,
Stegastes adustus,15/09/1987,0.094,0.014,24.155,panama,caribean,freezeDried,
Stegastes adustus,15/09/1987,0.085,0.011,23.274,panama,caribean,freezeDried,
Stegastes adustus,22/09/1987,0.086,0.012,23.274,panama,caribean,freezeDried,
Stegastes adustus,22/09/1987,0.089,0.011,23.274,panama,caribean,freezeDried,
Stegastes adustus,9/02/1990,0.108,0.023,23.456,panama,caribean,freezeDried,
Stegastes adustus,9/02/1990,0.105,0.022,23.456,panama,caribean,freezeDried,
Stegastes adustus,10/05/1990,0.112,0.025,23.919,panama,caribean,freezeDried,
Stegastes adustus,11/05/1990,0.106,0.025,23.593,panama,caribean,freezeDried,
Stegastes adustus,15/05/1990,0.103,0.023,23.404,panama,caribean,freezeDried,
Stegastes adustus,15/05/1990,0.098,0.023,23.246,panama,caribean,freezeDried,
Stegastes adustus,2/09/1990,0.093,0.0245,22.42,panama,caribean,freezeDried,
Stegastes adustus,2/09/1990,0.099,0.0218,23.779,panama,caribean,freezeDried,
Stegastes adustus,2/09/1990,0.097,0.0205,20.86,panama,caribean,freezeDried,
Stegastes adustus,7/10/1990,0.082,0.0189,23.051,panama,caribean,freezeDried,
Stegastes adustus,7/10/1990,0.09,0.0225,21.629,panama,caribean,freezeDried,
Stegastes adustus,4/03/1991,0.104,0.0223,21.517,panama,caribean,freezeDried,
Stegastes adustus,7/02/1993,0.092,0.022,24.582,panama,caribean,freezeDried,
Stegastes adustus,7/02/1993,0.105,0.0216,24.583,panama,caribean,freezeDried,
Stegastes adustus,7/02/1993,0.107,0.0216,24.308,panama,caribean,freezeDried,
Stegastes adustus,7/02/1993,0.109,0.0183,24.29,panama,caribean,freezeDried,
Stegastes adustus,3/03/1993,0.111,0.0207,24.363,panama,caribean,freezeDried,
Stegastes adustus,7/03/1993,0.112,0.0209,24.556,panama,caribean,freezeDried,
Stegastes adustus,7/03/1993,0.115,0.0214,23.873,panama,caribean,freezeDried,
Stegastes adustus,8/03/1993,0.109,0.0205,25.401,panama,caribean,freezeDried,
Stegastes adustus,8/03/1993,0.112,0.0221,25.901,panama,caribean,freezeDried,
Stegastes adustus,8/03/1993,0.113,0.0227,23.961,panama,caribean,freezeDried,
Stegastes adustus,8/03/1993,0.112,0.0202,24.705,panama,caribean,freezeDried,
Stegastes adustus,8/03/1993,0.11,0.0222,24.149,panama,caribean,freezeDried,
Stegastes adustus,2/06/1993,0.091,0.0248,22.655,panama,caribean,freezeDried,
Stegastes adustus,2/06/1993,0.096,0.0266,23.034,panama,caribean,freezeDried,
Stegastes adustus,2/06/1993,0.096,0.0221,22.632,panama,caribean,freezeDried,
Stegastes adustus,5/06/1993,0.093,0.0274,22.627,panama,caribean,freezeDried,
Stegastes adustus,31/07/1993,0.092,0.0259,22.802,panama,caribean,freezeDried,
Stegastes adustus,31/07/1993,0.093,0.0227,20.479,panama,caribean,freezeDried,
Stegastes adustus,31/07/1993,0.094,0.021,23.048,panama,caribean,freezeDried,
Stegastes adustus,31/07/1993,0.096,0.0216,23.753,panama,caribean,freezeDried,
Stegastes diencaeus,15/04/1990,0.147,0.033,23.1,panama,caribean,freezeDried,
Stegastes diencaeus,15/04/1990,0.139,0.029,23.379,panama,caribean,freezeDried,
Stegastes diencaeus,16/04/1990,0.141,0.029,23.836,panama,caribean,freezeDried,
Stegastes diencaeus,16/04/1990,0.141,0.03,22.883,panama,caribean,freezeDried,
Stegastes diencaeus,11/05/1990,0.145,0.031,22.91,panama,caribean,freezeDried,
Stegastes diencaeus,12/05/1990,0.144,0.034,23.435,panama,caribean,freezeDried,
Stegastes diencaeus,13/05/1990,0.148,0.035,23.238,panama,caribean,freezeDried,
Stegastes diencaeus,14/05/1990,0.136,0.031,22.718,panama,caribean,freezeDried,
Stegastes diencaeus,14/05/1990,0.135,0.036,22.895,panama,caribean,freezeDried,
Stegastes diencaeus,14/05/1990,0.139,0.033,23.565,panama,caribean,freezeDried,
Stegastes diencaeus,15/05/1990,0.145,0.031,22.459,panama,caribean,freezeDried,
Stegastes diencaeus,29/07/1990,0.142,0.0314,22.069,panama,caribean,freezeDried,
Stegastes diencaeus,29/07/1990,0.136,0.0273,23.592,panama,caribean,freezeDried,
Stegastes diencaeus,30/07/1990,0.133,0.0304,23.57,panama,caribean,freezeDried,
Stegastes diencaeus,30/07/1990,0.135,0.0303,22.448,panama,caribean,freezeDried,
Stegastes diencaeus,30/07/1990,0.135,0.0302,22.648,panama,caribean,freezeDried,
Stegastes diencaeus,14/03/1994,0.139,0.0266,24.83,panama,caribean,freezeDried,
Stegastes diencaeus,14/03/1994,0.156,0.0252,24.609,panama,caribean,freezeDried,
Stegastes flavilatus,29/09/1986,0.069,0.01,25.849,panama,pacific,freezeDried,
Stegastes flavilatus,9/10/1986,0.08,0.008,25.849,panama,pacific,freezeDried,
Stegastes flavilatus,9/10/1986,0.082,0.011,25.849,panama,pacific,freezeDried,
Stegastes flavilatus,26/07/1990,0.076,0.0234,21.924,panama,pacific,freezeDried,
Stegastes flavilatus,26/07/1990,0.075,0.0172,21.781,panama,pacific,freezeDried,
Stegastes flavilatus,26/07/1990,0.075,0.0199,22.049,panama,pacific,freezeDried,
Stegastes flavilatus,26/07/1990,0.075,0.0184,22.033,panama,pacific,freezeDried,
Stegastes flavilatus,26/07/1990,0.075,0.0225,22.56,panama,pacific,freezeDried,
Stegastes flavilatus,24/10/1990,0.074,0.0196,22.421,panama,pacific,freezeDried,
Stegastes flavilatus,24/10/1990,0.079,0.0157,22.363,panama,pacific,freezeDried,
Stegastes flavilatus,24/10/1990,0.082,0.0173,22.972,panama,pacific,freezeDried,
Stegastes flavilatus,22/01/1991,0.091,0.0133,22.92,panama,pacific,freezeDried,
Stegastes flavilatus,22/01/1991,0.088,0.0172,23.085,panama,pacific,freezeDried,
Stegastes flavilatus,22/01/1991,0.093,0.0195,23.589,panama,pacific,freezeDried,
Stegastes flavilatus,22/01/1991,0.095,0.0257,22.619,panama,pacific,freezeDried,
Stegastes flavilatus,4/02/1991,0.083,0.019,22.775,panama,pacific,freezeDried,
Stegastes flavilatus,4/02/1991,0.09,0.018,22.818,panama,pacific,freezeDried,
Stegastes flavilatus,4/02/1991,0.089,0.02,21.765,panama,pacific,freezeDried,
Stegastes flavilatus,22/03/1991,0.114,0.0248,19.288,panama,pacific,freezeDried,
Stegastes flavilatus,22/03/1991,0.118,0.0256,21.322,panama,pacific,freezeDried,
Stegastes flavilatus,22/03/1991,0.109,0.025,22.482,panama,pacific,freezeDried,
Stegastes flavilatus,17/07/1991,0.089,0.0181,22.913,panama,pacific,freezeDried,
Stegastes flavilatus,15/08/1991,0.076,0.016,23.272,panama,pacific,freezeDried,
Stegastes flavilatus,15/08/1991,0.079,0.0156,22.275,panama,pacific,freezeDried,
Stegastes flavilatus,15/08/1991,0.075,0.0182,22.135,panama,pacific,freezeDried,
Stegastes flavilatus,20/08/1991,0.082,0.0186,22.333,panama,pacific,freezeDried,
Stegastes flavilatus,20/08/1991,0.081,0.0184,21.549,panama,pacific,freezeDried,
Stegastes leucostictus,5/03/1990,0.214,0.05,23.899,panama,caribean,freezeDried,
Stegastes leucostictus,5/03/1990,0.25,0.054,24.116,panama,caribean,freezeDried,
Stegastes leucostictus,5/03/1990,0.243,0.056,24.249,panama,caribean,freezeDried,
Stegastes leucostictus,5/03/1990,0.216,0.046,22.659,panama,caribean,freezeDried,
Stegastes leucostictus,6/03/1990,0.245,0.049,23.655,panama,caribean,freezeDried,
Stegastes leucostictus,6/03/1990,0.234,0.049,22.985,panama,caribean,freezeDried,
Stegastes leucostictus,2/06/1990,0.232,0.049,29.664,panama,caribean,freezeDried,
Stegastes leucostictus,2/06/1990,0.232,0.048,29.688,panama,caribean,freezeDried,
Stegastes leucostictus,3/06/1990,0.235,0.048,24.59,panama,caribean,freezeDried,
Stegastes leucostictus,3/06/1990,0.235,0.048,24.287,panama,caribean,freezeDried,
Stegastes leucostictus,3/06/1990,0.225,0.049,23.939,panama,caribean,freezeDried,
Stegastes leucostictus,3/06/1990,0.225,0.049,23.079,panama,caribean,freezeDried,
Stegastes leucostictus,4/06/1990,0.222,0.046,23.429,panama,caribean,freezeDried,
Stegastes leucostictus,4/06/1990,0.218,0.047,23.101,panama,caribean,freezeDried,
Stegastes leucostictus,4/06/1990,0.218,0.048,23.749,panama,caribean,freezeDried,
Stegastes leucostictus,6/06/1990,0.223,0.05,23.177,panama,caribean,freezeDried,
Stegastes leucostictus,6/06/1990,0.223,0.049,22.811,panama,caribean,freezeDried,
Stegastes leucostictus,3/08/1990,0.214,0.0484,22.6,panama,caribean,freezeDried,
Stegastes leucostictus,3/08/1990,0.22,0.0487,23.061,panama,caribean,freezeDried,
Stegastes leucostictus,3/08/1990,0.221,0.0523,23.024,panama,caribean,freezeDried,
Stegastes leucostictus,1/09/1990,0.231,0.055,22.618,panama,caribean,freezeDried,
Stegastes leucostictus,1/09/1990,0.223,0.0451,23.202,panama,caribean,freezeDried,
Stegastes leucostictus,3/10/1990,0.217,0.0457,22.502,panama,caribean,freezeDried,
Stegastes leucostictus,3/03/1993,0.258,0.0525,21.596,panama,caribean,freezeDried,
Stegastes leucostictus,3/03/1993,0.253,0.0541,25.843,panama,caribean,freezeDried,
Stegastes leucostictus,3/03/1993,0.259,0.0509,22.916,panama,caribean,freezeDried,
Stegastes leucostictus,9/03/1993,0.218,0.0477,24.572,panama,caribean,freezeDried,
Stegastes leucostictus,9/03/1993,0.261,0.0503,23.994,panama,caribean,freezeDried,
Stegastes leucostictus,9/03/1993,0.251,0.0476,25.274,panama,caribean,freezeDried,
Stegastes leucostictus,20/03/1993,0.253,0.0495,25.555,panama,caribean,freezeDried,
Stegastes leucostictus,20/03/1993,0.239,0.0513,24.098,panama,caribean,freezeDried,
Stegastes leucostictus,20/03/1993,0.239,0.0509,25.292,panama,caribean,freezeDried,
Stegastes leucostictus,20/03/1993,0.245,0.0524,24.809,panama,caribean,freezeDried,
Stegastes leucostictus,21/03/1993,0.255,0.0499,24.133,panama,caribean,freezeDried,
Stegastes leucostictus,21/03/1993,0.213,0.0455,25.499,panama,caribean,freezeDried,
Stegastes leucostictus,21/03/1993,0.255,0.0549,25.57,panama,caribean,freezeDried,
Stegastes leucostictus,2/06/1990,0.232,0.0485,29.676,panama,caribean,freezeDried,
Stegastes leucostictus,3/06/1990,0.235,0.048,24.438,panama,caribean,freezeDried,
Stegastes leucostictus,3/06/1990,0.225,0.049,23.509,panama,caribean,freezeDried,
Stegastes leucostictus,4/06/1990,0.218,0.0475,23.425,panama,caribean,freezeDried,
Stegastes leucostictus,6/06/1990,0.223,0.0495,22.994,panama,caribean,freezeDried,
Stegastes partitus,16/10/1987,0.066,0.015,21.274,panama,caribean,freezeDried,
Stegastes partitus,16/10/1987,0.061,0.013,22.982,panama,caribean,freezeDried,
Stegastes partitus,16/10/1987,0.064,0.016,21.274,panama,caribean,freezeDried,
Stegastes partitus,16/10/1987,0.061,0.013,22.982,panama,caribean,freezeDried,
Stegastes partitus,16/10/1987,0.063,0.013,22.982,panama,caribean,freezeDried,
Stegastes partitus,18/10/1987,0.069,0.014,20.98,panama,caribean,freezeDried,
Stegastes partitus,18/10/1987,0.071,0.009,21.041,panama,caribean,freezeDried,
Stegastes partitus,6/11/1987,0.068,0.011,21.041,panama,caribean,freezeDried,
Stegastes partitus,6/11/1987,0.067,0.015,20.98,panama,caribean,freezeDried,
Stegastes partitus,6/11/1987,0.071,0.014,20.98,panama,caribean,freezeDried,
Stegastes partitus,11/04/1990,0.073,0.016,24.272,panama,caribean,freezeDried,
Stegastes partitus,11/04/1990,0.071,0.016,23.856,panama,caribean,freezeDried,
Stegastes partitus,12/04/1990,0.071,0.016,23.687,panama,caribean,freezeDried,
Stegastes partitus,12/04/1990,0.072,0.015,24.294,panama,caribean,freezeDried,
Stegastes partitus,13/04/1990,0.071,0.014,23.713,panama,caribean,freezeDried,
Stegastes partitus,13/04/1990,0.071,0.015,23.408,panama,caribean,freezeDried,
Stegastes partitus,13/04/1990,0.071,0.015,24.254,panama,caribean,freezeDried,
Stegastes partitus,15/05/1990,0.076,0.017,22.685,panama,caribean,freezeDried,
Stegastes partitus,2/08/1990,0.078,0.0184,22.083,panama,caribean,freezeDried,
Stegastes partitus,2/08/1990,0.076,0.0187,21.756,panama,caribean,freezeDried,
Stegastes partitus,3/08/1990,0.079,0.0192,22.602,panama,caribean,freezeDried,
Stegastes partitus,3/08/1990,0.076,0.0226,23.724,panama,caribean,freezeDried,
Stegastes partitus,31/08/1990,0.071,0.0176,24,panama,caribean,freezeDried,
Stegastes partitus,31/08/1990,0.072,0.0169,24.521,panama,caribean,freezeDried,
Stegastes partitus,31/08/1990,0.068,0.017,22.949,panama,caribean,freezeDried,
Stegastes partitus,6/03/1993,0.088,0.0173,24.154,panama,caribean,freezeDried,
Stegastes partitus,7/03/1993,0.085,0.0173,24.499,panama,caribean,freezeDried,
Stegastes partitus,7/03/1993,0.083,0.017,24.295,panama,caribean,freezeDried,
Stegastes partitus,7/03/1993,0.084,0.0173,24.48,panama,caribean,freezeDried,
Stegastes partitus,7/03/1993,0.084,0.0162,25.6,panama,caribean,freezeDried,
Stegastes partitus,8/03/1993,0.083,0.0176,24.005,panama,caribean,freezeDried,
Stegastes partitus,8/03/1993,0.077,0.0163,24.938,panama,caribean,freezeDried,
Stegastes partitus,8/03/1993,0.084,0.0175,23.842,panama,caribean,freezeDried,
Stegastes partitus,8/03/1993,0.085,0.0175,24.548,panama,caribean,freezeDried,
Stegastes partitus,8/03/1993,0.083,0.0165,24.311,panama,caribean,freezeDried,
Stegastes partitus,9/03/1993,0.083,0.0184,25.029,panama,caribean,freezeDried,
Stegastes partitus,9/03/1993,0.086,0.0184,24.738,panama,caribean,freezeDried,
Stegastes partitus,9/03/1993,0.085,0.0181,22.3,panama,caribean,freezeDried,
Stegastes partitus,9/03/1993,0.083,0.0152,25.16,panama,caribean,freezeDried,
Stegastes partitus,9/03/1993,0.08,0.0165,23.703,panama,caribean,freezeDried,
Stegastes planifrons,12/05/1990,0.134,0.029,22.492,panama,caribean,freezeDried,
Stegastes planifrons,12/05/1990,0.135,0.031,22.973,panama,caribean,freezeDried,
Stegastes planifrons,31/08/1990,0.139,0.0283,23.135,panama,caribean,freezeDried,
Stegastes planifrons,24/11/1990,0.13,0.0198,22.641,panama,caribean,freezeDried,
Stegastes planifrons,20/04/1991,0.131,0.0261,23.239,panama,caribean,freezeDried,
Stegastes planifrons,21/04/1991,0.146,0.0258,22.815,panama,caribean,freezeDried,
Stegastes planifrons,22/04/1991,0.133,0.0255,23.538,panama,caribean,freezeDried,
Stegastes planifrons,22/04/1991,0.142,0.029,22.614,panama,caribean,freezeDried,
Stegastes planifrons,19/07/1991,0.127,0.028,21.107,panama,caribean,freezeDried,
Stegastes planifrons,20/07/1991,0.132,0.03,22.109,panama,caribean,freezeDried,
Stegastes planifrons,12/03/1994,0.144,0.0335,25.886,panama,caribean,freezeDried,
Stegastes planifrons,12/03/1994,0.14,0.0305,26.099,panama,caribean,freezeDried,
Stegastes planifrons,12/03/1994,0.151,0.0281,26.197,panama,caribean,freezeDried,
Stegastes planifrons,12/03/1994,0.136,0.0322,26.353,panama,caribean,freezeDried,
Stegastes planifrons,13/03/1994,0.151,0.0364,25.134,panama,caribean,freezeDried,
Stegastes planifrons,13/03/1994,0.15,0.0273,26.064,panama,caribean,freezeDried,
Stegastes planifrons,13/03/1994,0.147,0.0242,24.849,panama,caribean,freezeDried,
Stegastes planifrons,14/03/1994,0.144,0.0212,24.608,panama,caribean,freezeDried,
Stegastes planifrons,14/03/1994,0.146,0.0316,24.227,panama,caribean,freezeDried,
Stegastes variabilis,2/03/1990,0.144,0.029,24.244,panama,caribean,freezeDried,
Stegastes variabilis,2/03/1990,0.136,0.03,23.36,panama,caribean,freezeDried,
Stegastes variabilis,2/03/1990,0.149,0.035,23.723,panama,caribean,freezeDried,
Stegastes variabilis,2/06/1990,0.135,0.031,23.055,panama,caribean,freezeDried,
Stegastes variabilis,29/07/1990,0.138,0.0283,21.488,panama,caribean,freezeDried,
Stegastes variabilis,30/08/1990,0.146,0.0341,23.648,panama,caribean,freezeDried,
Stegastes variabilis,31/08/1990,0.154,0.0364,20.548,panama,caribean,freezeDried,
Stegastes variabilis,20/04/1991,0.15,0.0307,22.977,panama,caribean,freezeDried,
Stegastes variabilis,21/04/1991,0.144,0.0218,22.696,panama,caribean,freezeDried,
Stegastes variabilis,22/04/1991,0.138,0.0324,25.044,panama,caribean,freezeDried,
Stegastes variabilis,22/04/1991,0.144,0.025,22.391,panama,caribean,freezeDried,
Stegastes variabilis,23/04/1991,0.133,0.0243,19.29,panama,caribean,freezeDried,
Stegastes variabilis,20/05/1991,0.146,0.0225,23.019,panama,caribean,freezeDried,
Stegastes variabilis,20/05/1991,0.14,0.0199,22.742,panama,caribean,freezeDried,
Stegastes variabilis,7/02/1993,0.163,0.0333,24.991,panama,caribean,freezeDried,
Stegastes variabilis,7/02/1993,0.161,0.0299,23.664,panama,caribean,freezeDried,
Stegastes variabilis,7/03/1993,0.14,0.0288,24.963,panama,caribean,freezeDried,
Stegastes variabilis,7/03/1993,0.15,0.0294,23.669,panama,caribean,freezeDried,
Stegastes variabilis,20/03/1993,0.172,0.0344,24.553,panama,caribean,freezeDried,
Stegastes variabilis,20/03/1993,0.151,0.0327,23.895,panama,caribean,freezeDried,
Stegastes variabilis,20/03/1993,0.158,0.0342,22.653,panama,caribean,freezeDried,
Stegastes variabilis,20/03/1993,0.164,0.0344,21.072,panama,caribean,freezeDried,
Stegastes variabilis,21/03/1993,0.158,0.0345,22.932,panama,caribean,freezeDried,
Stegastes variabilis,21/03/1993,0.148,0.0325,24.968,panama,caribean,freezeDried,
Chlorurus sordidus,26/12/1993,0.113,0.0116,20.88,australia,pacific,freezeDried,
Chlorurus sordidus,28/12/1993,0.121,0.009,22.754,australia,pacific,freezeDried,
Chlorurus sordidus,31/12/1993,0.109,0.0131,22.027,australia,pacific,freezeDried,
Chlorurus sordidus,4/01/1994,0.107,0.0084,23.027,australia,pacific,freezeDried,
Chlorurus sordidus,6/01/1994,0.105,0.0082,21.519,australia,pacific,freezeDried,
Chlorurus sordidus,6/01/1994,0.099,0.0088,27.352,australia,pacific,freezeDried,
Cryptotomus roseus,15/03/1992,0.103,0.0046,25.082,panama,caribean,freezeDried,
Cryptotomus roseus,11/04/1992,0.11,0.0045,27.704,panama,caribean,freezeDried,
Cryptotomus roseus,11/04/1992,0.1,0.0045,27.451,panama,caribean,freezeDried,
Cryptotomus roseus,11/04/1992,0.101,0.005,26.816,panama,caribean,freezeDried,
Cryptotomus roseus,11/04/1992,0.092,0.0054,24.558,panama,caribean,freezeDried,
Cryptotomus roseus,11/04/1992,0.109,0.0048,27.703,panama,caribean,freezeDried,
Cryptotomus roseus,11/04/1992,0.109,0.0067,24.327,panama,caribean,freezeDried,
Cryptotomus roseus,11/04/1992,0.108,0.0038,26.56,panama,caribean,freezeDried,
Cryptotomus roseus,11/04/1992,0.109,0.0039,25.919,panama,caribean,freezeDried,
Cryptotomus roseus,11/04/1992,0.102,0.0051,28.3,panama,caribean,freezeDried,
Scarus flavipectoralis,15/01/1994,0.122,0.0107,21.133,australia,pacific,freezeDried,
Scarus flavipectoralis,15/01/1994,0.124,0.0108,20.764,australia,pacific,freezeDried,
Scarus frenatus,14/01/1994,0.121,0.0121,22.157,australia,pacific,freezeDried,
Scarus frenatus,14/01/1994,0.123,0.0121,20.961,australia,pacific,freezeDried,
Scarus globiceps,13/01/1994,0.137,0.0109,21.601,australia,pacific,freezeDried,
Scarus iseri,21/03/1992,0.139,0.009,23.33,panama,caribean,freezeDried,
Scarus iseri,21/03/1992,0.14,0.0098,22,panama,caribean,freezeDried,
Scarus iseri,21/03/1992,0.144,0.0101,21.947,panama,caribean,freezeDried,
Scarus iseri,21/03/1992,0.137,0.0096,21.166,panama,caribean,freezeDried,
Scarus iseri,21/03/1992,0.132,0.0116,21.08,panama,caribean,freezeDried,
Scarus niger,13/01/1994,0.121,0.014,22.847,australia,pacific,freezeDried,
Scarus niger,14/01/1994,0.118,0.0134,22.836,australia,pacific,freezeDried,
Scarus niger,14/01/1994,0.123,0.0107,22.158,australia,pacific,freezeDried,
Scarus psittacus,28/12/1993,0.109,0.0074,21.848,australia,pacific,freezeDried,
Scarus psittacus,28/12/1993,0.11,0.0069,20.005,australia,pacific,freezeDried,
Scarus psittacus,30/12/1993,0.097,0.0068,22.719,australia,pacific,freezeDried,
Scarus psittacus,30/12/1993,0.102,0.0049,22.069,australia,pacific,freezeDried,
Scarus psittacus,30/12/1993,0.104,0.0069,21.408,australia,pacific,freezeDried,
Scarus schlegeli,15/01/1994,0.135,0.0116,20.517,australia,pacific,freezeDried,
Scarus schlegeli,15/01/1994,0.137,0.0115,22.222,australia,pacific,freezeDried,
Scarus schlegeli,15/01/1994,0.125,0.012,22.79,australia,pacific,freezeDried,
Scarus schlegeli,15/01/1994,0.129,0.011,20.595,australia,pacific,freezeDried,
Scarus spinus,14/01/1994,0.107,0.0093,20.193,australia,pacific,freezeDried,
Scarus spinus,15/01/1994,0.111,0.0099,22.585,australia,pacific,freezeDried,
Sparisoma atomarium,15/07/1995,0.109,0.0062,16.385,panama,caribean,freezeDried,
Sparisoma atomarium,16/07/1995,0.103,0.0068,19.668,panama,caribean,freezeDried,
Sparisoma aurofrenatum,12/07/1995,0.117,0.0107,19.942,panama,caribean,freezeDried,
Sparisoma aurofrenatum,14/07/1995,0.129,0.0095,19.912,panama,caribean,freezeDried,
Sparisoma aurofrenatum,14/07/1995,0.129,0.0095,22.347,panama,caribean,freezeDried,
Sparisoma aurofrenatum,14/07/1995,0.13,0.0105,22.845,panama,caribean,freezeDried,
Sparisoma aurofrenatum,15/07/1995,0.117,0.0139,20.857,panama,caribean,freezeDried,
Sparisoma radians,15/03/1992,0.095,0.0065,23.498,panama,caribean,freezeDried,
Sparisoma radians,15/03/1992,0.097,0.0072,23.939,panama,caribean,freezeDried,
Sparisoma radians,2/04/1992,0.093,0.0043,23.024,panama,caribean,freezeDried,
Sparisoma radians,2/04/1992,0.092,0.007,23.212,panama,caribean,freezeDried,
Sparisoma radians,2/04/1992,0.09,0.0067,27.154,panama,caribean,freezeDried,
Sparisoma radians,2/04/1992,0.109,0.0082,22.321,panama,caribean,freezeDried,
Sparisoma rubripinne,12/07/1995,0.129,0.0121,22.901,panama,caribean,freezeDried,
Sparisoma rubripinne,12/07/1995,0.135,0.0124,21.336,panama,caribean,freezeDried,
Sparisoma rubripinne,14/07/1995,0.128,0.011,20.904,panama,caribean,freezeDried,
Sparisoma rubripinne,15/07/1995,0.128,0.0115,21.767,panama,caribean,freezeDried,
Sparisoma rubripinne,15/07/1995,0.13,0.0109,19.743,panama,caribean,freezeDried,
Cynoscion regalis,4/06/1992,0.377,0.098,24.08,usa,atlantic,freezeDried,may have been kept at room temperature during mail transportation
Cynoscion regalis,4/06/1992,0.37,0.075,25.196,usa,atlantic,freezeDried,may have been kept at room temperature during mail transportation
Cynoscion regalis,4/06/1992,0.362,0.09,25.068,usa,atlantic,freezeDried,may have been kept at room temperature during mail transportation
Cynoscion regalis,4/06/1992,0.349,0.08,24.325,usa,atlantic,freezeDried,may have been kept at room temperature during mail transportation
Cynoscion regalis,4/06/1992,0.381,0.097,24.542,usa,atlantic,freezeDried,may have been kept at room temperature during mail transportation
Cynoscion regalis,23/05/1993,0.534,0.0385,27.928,usa,atlantic,freezeDried,may have been kept at room temperature during mail transportation
Cynoscion regalis,23/05/1993,0.509,0.0375,25.383,usa,atlantic,freezeDried,may have been kept at room temperature during mail transportation
Cynoscion regalis,23/05/1993,0.488,0.0412,23.963,usa,atlantic,freezeDried,may have been kept at room temperature during mail transportation
Cynoscion regalis,18/06/1993,0.411,0.0265,24.965,usa,atlantic,freezeDried,may have been kept at room temperature during mail transportation
Cynoscion regalis,18/06/1993,0.416,0.0266,23.195,usa,atlantic,freezeDried,may have been kept at room temperature during mail transportation
Leiostomus xanthurus,10/02/1993,0.276,0.0224,27.22,usa,atlantic,freezeDried,may have been kept at room temperature during mail transportation
Micropogonias undulatus,31/03/1993,0.22,0.0295,23.049,usa,atlantic,freezeDried,may have been kept at room temperature during mail transportation
Epinephelus fasciatus,6/01/1992,0.173,0.0115,20.136,panama,pacific,freezeDried,
Epinephelus fasciatus,6/01/1992,0.199,0.0111,20.354,panama,pacific,freezeDried,
Epinephelus fasciatus,6/01/1992,0.187,0.0101,26.334,panama,pacific,freezeDried,
Epinephelus fasciatus,6/01/1992,0.186,0.0091,20.615,panama,pacific,freezeDried,
Epinephelus fasciatus,6/01/1992,0.199,0.0144,21.312,panama,pacific,freezeDried,
Epinephelus fasciatus,7/01/1992,0.175,0.0094,22.39,panama,pacific,freezeDried,
Epinephelus fasciatus,7/01/1992,0.177,0.0094,22.247,panama,pacific,freezeDried,
Epinephelus fasciatus,7/01/1992,0.172,0.0073,19.618,panama,pacific,freezeDried,
Epinephelus fasciatus,7/01/1992,0.171,0.0075,21.777,panama,pacific,freezeDried,
Epinephelus fasciatus,7/01/1992,0.185,0.0081,21.613,panama,pacific,freezeDried,
Epinephelus fasciatus,7/01/1992,0.179,0.0082,23.086,panama,pacific,freezeDried,
Epinephelus fasciatus,7/01/1992,0.215,0.0095,21.303,panama,pacific,freezeDried,
Epinephelus fasciatus,9/01/1992,0.2,0.0098,23.293,panama,pacific,freezeDried,
Epinephelus fasciatus,10/01/1992,0.189,0.0099,22.431,panama,pacific,freezeDried,
Serranus tabacarius,11/09/1995,0.343,0.0223,20.87,panama,caribean,freezeDried,
Serranus tabacarius,11/09/1995,0.331,0.0222,19.697,panama,caribean,freezeDried,
Serranus tabacarius,11/09/1995,0.338,0.0184,21.286,panama,caribean,freezeDried,
Serranus tabacarius,11/09/1995,0.342,0.0226,19.91,panama,caribean,freezeDried,
Serranus tigrinus,4/03/1992,0.209,0.011,23.728,panama,caribean,freezeDried,
Serranus tigrinus,4/03/1992,0.195,0.0097,23.728,panama,caribean,freezeDried,
Serranus tigrinus,12/03/1992,0.182,0.011,23.728,panama,caribean,freezeDried,
Serranus tigrinus,12/03/1992,0.183,0.0102,24.713,panama,caribean,freezeDried,
Serranus tigrinus,12/03/1992,0.177,0.0113,23.527,panama,caribean,freezeDried,
Serranus tigrinus,18/03/1992,0.188,0.0131,23.591,panama,caribean,freezeDried,
Serranus tigrinus,18/03/1992,0.181,0.0095,23.431,panama,caribean,freezeDried,
Serranus tigrinus,19/03/1992,0.195,0.0082,22.745,panama,caribean,freezeDried,
Serranus tigrinus,19/03/1992,0.173,0.0108,22.745,panama,caribean,freezeDried,
Serranus tigrinus,19/03/1992,0.196,0.0092,23.444,panama,caribean,freezeDried,
Serranus tigrinus,19/03/1992,0.176,0.0101,23.444,panama,caribean,freezeDried,
Serranus tigrinus,19/03/1992,0.173,0.0115,23.431,panama,caribean,freezeDried,
Serranus tigrinus,19/03/1992,0.185,0.0083,22.745,panama,caribean,freezeDried,
Serranus tigrinus,28/03/1992,0.17,0.0089,22.971,panama,caribean,freezeDried,
Serranus tigrinus,28/03/1992,0.148,0.0119,23.444,panama,caribean,freezeDried,
Serranus tortugarum,3/03/1992,0.233,0.0176,22.046,panama,caribean,freezeDried,
Serranus tortugarum,3/03/1992,0.237,0.0168,24.882,panama,caribean,freezeDried,
Serranus tortugarum,16/03/1992,0.248,0.0123,24.299,panama,caribean,freezeDried,
Serranus tortugarum,16/03/1992,0.229,0.009,24.299,panama,caribean,freezeDried,
Serranus tortugarum,16/03/1992,0.214,0.0114,24.299,panama,caribean,freezeDried,
Serranus tortugarum,16/03/1992,0.218,0.0145,23.19,panama,caribean,freezeDried,
Serranus tortugarum,16/03/1992,0.218,0.0161,23.507,panama,caribean,freezeDried,
Serranus tortugarum,16/03/1992,0.232,0.0182,24.427,panama,caribean,freezeDried,
Serranus tortugarum,16/03/1992,0.22,0.0148,24.993,panama,caribean,freezeDried,
Serranus tortugarum,16/03/1992,0.237,0.0133,25.97,panama,caribean,freezeDried,
Serranus tortugarum,16/03/1992,0.2,0.0148,23.794,panama,caribean,freezeDried,
Serranus tortugarum,16/03/1992,0.216,0.0115,23.168,panama,caribean,freezeDried,
Serranus tortugarum,16/03/1992,0.223,0.0175,23.168,panama,caribean,freezeDried,
Serranus tortugarum,18/03/1992,0.226,0.0145,23.19,panama,caribean,freezeDried,
Serranus tortugarum,18/03/1992,0.222,0.0131,24.949,panama,caribean,freezeDried,
Arctoscopus japonicus,27/12/1992,21.19,4.8905,22.488,japan,pacific,freezeDried,may have been kept at room temperature during mail transportation
Arctoscopus japonicus,27/12/1992,22.358,4.7193,22.376,japan,pacific,freezeDried,may have been kept at room temperature during mail transportation
Arctoscopus japonicus,11/01/1993,18.077,4.7007,22.634,japan,pacific,freezeDried,may have been kept at room temperature during mail transportation
Arctoscopus japonicus,11/01/1993,19.878,3.807,24.339,japan,pacific,freezeDried,may have been kept at room temperature during mail transportation
Arctoscopus japonicus,11/01/1993,19.193,4.9682,22.234,japan,pacific,freezeDried,may have been kept at room temperature during mail transportation
Pseudopleuronectes americanus,28/09/1993,0.23,0.0608,20.554,canada,atlantic,freezeDried,
Pseudopleuronectes americanus,28/09/1993,0.463,0.058,21.994,canada,atlantic,freezeDried,
Podothecus sachi,7/10/1992,1.72,0.6281,23.718,japan,pacific,freezeDried,may have been kept at room temperature during mail transportation
Podothecus sachi,7/10/1992,1.72,0.7197,21.399,japan,pacific,freezeDried,may have been kept at room temperature during mail transportation
Podothecus sachi,8/10/1992,1.72,0.6892,23.488,japan,pacific,freezeDried,may have been kept at room temperature during mail transportation
Alcichthys elongatus,4/04/1993,1.42,0.3032,23.371,japan,pacific,freezeDried,may have been kept at room temperature during mail transportation
Alcichthys elongatus,4/04/1993,1.42,0.2633,24.605,japan,pacific,freezeDried,may have been kept at room temperature during mail transportation
Alcichthys elongatus,6/04/1993,1.42,0.2963,20.473,japan,pacific,freezeDried,may have been kept at room temperature during mail transportation
Alcichthys elongatus,6/04/1993,1.42,0.2656,21.421,japan,pacific,freezeDried,may have been kept at room temperature during mail transportation
Aptocyclus ventricosus,6/01/1993,2.43,1.9062,24.315,japan,pacific,freezeDried,may have been kept at room temperature during mail transportation
Blepsias cirrhosus,20/06/1993,3.17,4.6395,24.756,japan,pacific,freezeDried,may have been kept at room temperature during mail transportation
Hemitripterus villosus,26/09/1992,4.52,12.319,22.034,japan,pacific,freezeDried,may have been kept at room temperature during mail transportation
Hemitripterus villosus,26/09/1992,4.52,12.381,22.064,japan,pacific,freezeDried,may have been kept at room temperature during mail transportation
Hemitripterus villosus,27/09/1992,4.52,12.04,22.62,japan,pacific,freezeDried,may have been kept at room temperature during mail transportation
Hemitripterus villosus,27/09/1992,4.52,12.406,24.134,japan,pacific,freezeDried,may have been kept at room temperature during mail transportation
Oxylebius pictus,8/06/1992,1.465,0.236,23.293,usa,atlantic,freezeDried,may have been kept at room temperature during mail transportation
Canthigaster rostrata,3/06/1993,0.122,0.028,24.818,panama,caribean,freezeDried,
